Date,Open,High,Low,Close,Adj Close,Volume
2018-09-24,2.799999952316284,2.825000047683716,2.7149999141693115,2.7799999713897705,2.283571243286133,4800000
2018-09-25,2.6500000953674316,2.7799999713897705,2.559999942779541,2.7249999046325684,2.2383925914764404,1160000
2018-09-26,2.700000047683716,2.8299999237060547,2.684999942779541,2.825000047683716,2.320535659790039,2240000
2018-09-27,2.809999942779541,2.809999942779541,2.759999990463257,2.805000066757202,2.304107189178467,400000
2018-09-28,2.7899999618530273,2.799999952316284,2.5250000953674316,2.5250000953674316,2.0741071701049805,2840000
2018-10-01,2.6500000953674316,2.6500000953674316,2.5,2.5450000762939453,2.0905356407165527,320000
2018-10-03,2.5450000762939453,2.5450000762939453,2.5450000762939453,2.5450000762939453,2.0905356407165527,0
2018-10-04,2.450000047683716,2.450000047683716,2.450000047683716,2.450000047683716,2.012500047683716,40000
2018-10-05,2.369999885559082,2.7699999809265137,2.299999952316284,2.5999999046325684,2.135714054107666,360000
2018-10-08,2.424999952316284,2.444999933242798,2.3949999809265137,2.3949999809265137,1.9673212766647339,200000
2018-10-09,2.3949999809265137,2.3949999809265137,2.3949999809265137,2.3949999809265137,1.9673212766647339,0
2018-10-10,2.450000047683716,2.674999952316284,2.434999942779541,2.434999942779541,2.000178337097168,160000
2018-10-11,2.3499999046325684,2.434999942779541,2.3499999046325684,2.4000000953674316,1.9714285135269165,120000
2018-10-12,2.450000047683716,2.700000047683716,2.450000047683716,2.700000047683716,2.2178571224212646,80000
2018-10-15,2.5950000286102295,2.5999999046325684,2.5950000286102295,2.5999999046325684,2.135714054107666,80000
2018-10-16,2.5999999046325684,2.5999999046325684,2.5999999046325684,2.5999999046325684,2.135714054107666,0
2018-10-17,2.5999999046325684,2.5999999046325684,2.5999999046325684,2.5999999046325684,2.135714054107666,0
2018-10-19,2.690000057220459,2.700000047683716,2.549999952316284,2.549999952316284,2.0946426391601562,240000
2018-10-22,2.549999952316284,2.694999933242798,2.549999952316284,2.694999933242798,2.213749885559082,120000
2018-10-23,2.555000066757202,2.555000066757202,2.555000066757202,2.555000066757202,2.098749876022339,40000
2018-10-24,2.555000066757202,2.555000066757202,2.555000066757202,2.555000066757202,2.098749876022339,0
2018-10-25,2.549999952316284,2.549999952316284,2.549999952316284,2.549999952316284,2.0946426391601562,120000
2018-10-26,2.549999952316284,2.549999952316284,2.549999952316284,2.549999952316284,2.0946426391601562,0
2018-10-29,2.4000000953674316,2.694999933242798,2.4000000953674316,2.5999999046325684,2.135714054107666,840000
2018-10-30,2.5999999046325684,2.5999999046325684,2.5999999046325684,2.5999999046325684,2.135714054107666,0
2018-10-31,2.509999990463257,2.509999990463257,2.5,2.5,2.0535712242126465,80000
2018-11-01,2.5,2.5,2.5,2.5,2.0535712242126465,0
2018-11-02,2.5,2.5,2.5,2.5,2.0535712242126465,0
2018-11-05,2.5,2.5,2.5,2.5,2.0535712242126465,0
2018-11-06,2.5,2.5,2.5,2.5,2.0535712242126465,0
2018-11-07,2.5,2.5,2.5,2.5,2.0535712242126465,0
2018-11-09,2.3499999046325684,2.3499999046325684,2.3499999046325684,2.3499999046325684,1.9303569793701172,40000
2018-11-12,2.450000047683716,2.450000047683716,2.450000047683716,2.450000047683716,2.012500047683716,40000
2018-11-13,2.4000000953674316,2.4000000953674316,2.4000000953674316,2.4000000953674316,1.9714285135269165,40000
2018-11-14,2.5,2.5,2.5,2.5,2.0535712242126465,40000
2018-11-15,2.5999999046325684,2.5999999046325684,2.5999999046325684,2.5999999046325684,2.135714054107666,40000
2018-11-16,2.5999999046325684,2.5999999046325684,2.5999999046325684,2.5999999046325684,2.135714054107666,0
2018-11-19,2.5,2.5,2.5,2.5,2.0535712242126465,40000
2018-11-20,2.440000057220459,2.440000057220459,2.3499999046325684,2.3499999046325684,1.9303569793701172,240000
2018-11-21,2.3499999046325684,2.3499999046325684,2.3499999046325684,2.3499999046325684,1.9303569793701172,0
2018-11-22,2.440000057220459,2.440000057220459,2.440000057220459,2.440000057220459,2.0042855739593506,40000
2018-11-26,2.450000047683716,2.450000047683716,2.450000047683716,2.450000047683716,2.012500047683716,40000
2018-11-27,2.450000047683716,2.450000047683716,2.450000047683716,2.450000047683716,2.012500047683716,0
2018-11-28,2.440000057220459,2.440000057220459,2.4000000953674316,2.4100000858306885,1.9796428680419922,120000
2018-11-29,2.325000047683716,2.325000047683716,2.325000047683716,2.325000047683716,1.9098213911056519,40000
2018-11-30,2.299999952316284,2.5,2.2100000381469727,2.4000000953674316,1.9714285135269165,320000
2018-12-03,2.4000000953674316,2.4000000953674316,2.4000000953674316,2.4000000953674316,1.9714285135269165,40000
2018-12-04,2.315000057220459,2.315000057220459,2.1500000953674316,2.200000047683716,1.8071428537368774,320000
2018-12-05,2.200000047683716,2.200000047683716,2.200000047683716,2.200000047683716,1.8071428537368774,0
2018-12-06,2.200000047683716,2.200000047683716,2.200000047683716,2.200000047683716,1.8071428537368774,0
2018-12-07,2.200000047683716,2.200000047683716,2.200000047683716,2.200000047683716,1.8071428537368774,0
2018-12-10,2.25,2.25,2.25,2.25,1.8482141494750977,40000
2018-12-11,2.25,2.25,2.25,2.25,1.8482141494750977,0
2018-12-12,2.2799999713897705,2.2799999713897705,2.2799999713897705,2.2799999713897705,1.8728570938110352,40000
2018-12-13,2.2799999713897705,2.2799999713897705,2.2799999713897705,2.2799999713897705,1.8728570938110352,0
2018-12-14,2.2799999713897705,2.2799999713897705,2.2799999713897705,2.2799999713897705,1.8728570938110352,0
2018-12-17,2.2799999713897705,2.2799999713897705,2.2799999713897705,2.2799999713897705,1.8728570938110352,0
2018-12-18,2.2799999713897705,2.2799999713897705,2.2799999713897705,2.2799999713897705,1.8728570938110352,0
2018-12-19,2.5,2.5,2.3499999046325684,2.3499999046325684,1.9303569793701172,120000
2018-12-20,2.3499999046325684,2.3499999046325684,2.3499999046325684,2.3499999046325684,1.9303569793701172,0
2018-12-21,2.3499999046325684,2.3499999046325684,2.3499999046325684,2.3499999046325684,1.9303569793701172,0
2018-12-24,2.3499999046325684,2.3499999046325684,2.3499999046325684,2.3499999046325684,1.9303569793701172,0
2018-12-26,2.4000000953674316,2.700000047683716,2.4000000953674316,2.549999952316284,2.0946426391601562,280000
2018-12-27,2.5950000286102295,2.5950000286102295,2.5950000286102295,2.5950000286102295,2.1316070556640625,40000
2018-12-28,2.5950000286102295,2.5950000286102295,2.5950000286102295,2.5950000286102295,2.1316070556640625,0
2018-12-31,2.5950000286102295,2.5950000286102295,2.5950000286102295,2.5950000286102295,2.1316070556640625,0
2019-01-01,2.5950000286102295,2.5950000286102295,2.5950000286102295,2.5950000286102295,2.1316070556640625,0
2019-01-02,2.5950000286102295,2.5950000286102295,2.5950000286102295,2.5950000286102295,2.1316070556640625,0
2019-01-03,2.4000000953674316,2.450000047683716,2.4000000953674316,2.450000047683716,2.012500047683716,80000
2019-01-04,2.450000047683716,2.450000047683716,2.450000047683716,2.450000047683716,2.012500047683716,0
2019-01-07,2.4000000953674316,2.7699999809265137,2.200000047683716,2.684999942779541,2.205535650253296,600000
2019-01-08,2.549999952316284,2.7899999618530273,2.450000047683716,2.450000047683716,2.012500047683716,520000
2019-01-09,2.430000066757202,2.690000057220459,2.4200000762939453,2.690000057220459,2.2096428871154785,600000
2019-01-10,2.6500000953674316,2.694999933242798,2.630000114440918,2.694999933242798,2.213749885559082,800000
2019-01-11,2.694999933242798,2.694999933242798,2.694999933242798,2.694999933242798,2.213749885559082,0
2019-01-14,2.509999990463257,2.509999990463257,2.509999990463257,2.509999990463257,2.0617856979370117,40000
2019-01-15,2.6700000762939453,2.680000066757202,2.6700000762939453,2.6700000762939453,2.193214178085327,520000
2019-01-16,2.6700000762939453,2.6700000762939453,2.6700000762939453,2.6700000762939453,2.193214178085327,0
2019-01-17,2.674999952316284,2.680000066757202,2.6050000190734863,2.6649999618530273,2.1891069412231445,720000
2019-01-18,2.674999952316284,2.674999952316284,2.674999952316284,2.674999952316284,2.1973214149475098,360000
2019-01-21,2.690000057220459,2.8499999046325684,2.690000057220459,2.7750000953674316,2.2794642448425293,2400000
2019-01-22,2.75,2.924999952316284,2.690000057220459,2.694999933242798,2.213749885559082,1400000
2019-01-23,2.7100000381469727,2.7249999046325684,2.690000057220459,2.690000057220459,2.2096428871154785,400000
2019-01-24,2.75,2.799999952316284,2.690000057220459,2.690000057220459,2.2096428871154785,200000
2019-01-25,2.700000047683716,2.7249999046325684,2.700000047683716,2.7249999046325684,2.2383925914764404,80000
2019-01-28,2.700000047683716,2.700000047683716,2.559999942779541,2.5999999046325684,2.135714054107666,120000
2019-01-29,2.5999999046325684,2.694999933242798,2.5999999046325684,2.694999933242798,2.213749885559082,80000
2019-01-30,2.694999933242798,2.694999933242798,2.694999933242798,2.694999933242798,2.213749885559082,0
2019-01-31,2.694999933242798,2.694999933242798,2.694999933242798,2.694999933242798,2.213749885559082,0
2019-02-01,2.549999952316284,2.549999952316284,2.549999952316284,2.549999952316284,2.0946426391601562,40000
2019-02-04,2.549999952316284,2.549999952316284,2.549999952316284,2.549999952316284,2.0946426391601562,0
2019-02-05,2.549999952316284,2.549999952316284,2.549999952316284,2.549999952316284,2.0946426391601562,0
2019-02-06,2.555000066757202,2.555000066757202,2.549999952316284,2.549999952316284,2.0946426391601562,80000
2019-02-07,2.505000114440918,2.505000114440918,2.505000114440918,2.505000114440918,2.057678461074829,40000
2019-02-08,2.5,2.5,2.5,2.5,2.0535712242126465,40000
2019-02-11,2.5,2.5,2.5,2.5,2.0535712242126465,0
2019-02-12,2.5,2.5,2.5,2.5,2.0535712242126465,80000
2019-02-14,2.5,2.5,2.5,2.5,2.0535712242126465,0
2019-02-15,2.5,2.5,2.5,2.5,2.0535712242126465,0
2019-02-18,2.5,2.5,2.5,2.5,2.0535712242126465,0
2019-02-19,2.5,2.5,2.5,2.5,2.0535712242126465,0
2019-02-20,2.5,2.5,2.5,2.5,2.0535712242126465,0
2019-02-21,2.5,2.5,2.5,2.5,2.0535712242126465,0
2019-02-22,2.5,2.5,2.5,2.5,2.0535712242126465,0
2019-02-25,2.5,2.5,2.5,2.5,2.0535712242126465,0
2019-02-26,2.5,2.5,2.5,2.5,2.0535712242126465,0
2019-02-27,2.5,2.5,2.5,2.5,2.0535712242126465,0
2019-02-28,2.5250000953674316,2.5250000953674316,2.5250000953674316,2.5250000953674316,2.0741071701049805,240000
2019-03-01,2.5250000953674316,2.5250000953674316,2.5250000953674316,2.5250000953674316,2.0741071701049805,0
2019-03-05,2.4000000953674316,2.4000000953674316,2.4000000953674316,2.4000000953674316,1.9714285135269165,40000
2019-03-06,2.450000047683716,2.450000047683716,2.4000000953674316,2.4000000953674316,1.9714285135269165,160000
2019-03-07,2.4000000953674316,2.4000000953674316,2.4000000953674316,2.4000000953674316,1.9714285135269165,0
2019-03-08,2.4000000953674316,2.4000000953674316,2.4000000953674316,2.4000000953674316,1.9714285135269165,0
2019-03-11,2.299999952316284,2.3499999046325684,2.299999952316284,2.3499999046325684,1.9303569793701172,80000
2019-03-12,2.25,2.6500000953674316,2.25,2.450000047683716,2.012500047683716,1080000
2019-03-13,2.4049999713897705,2.4049999713897705,2.4000000953674316,2.4000000953674316,1.9714285135269165,80000
2019-03-14,2.4000000953674316,2.4000000953674316,2.4000000953674316,2.4000000953674316,1.9714285135269165,0
2019-03-15,2.3499999046325684,2.3499999046325684,2.3499999046325684,2.3499999046325684,1.9303569793701172,160000
2019-03-18,2.3499999046325684,2.3499999046325684,2.3499999046325684,2.3499999046325684,1.9303569793701172,0
2019-03-19,2.4000000953674316,2.4000000953674316,2.4000000953674316,2.4000000953674316,1.9714285135269165,40000
2019-03-20,2.4000000953674316,2.4000000953674316,2.4000000953674316,2.4000000953674316,1.9714285135269165,0
2019-03-22,2.4000000953674316,2.4000000953674316,2.4000000953674316,2.4000000953674316,1.9714285135269165,0
2019-03-25,2.4000000953674316,2.4000000953674316,2.4000000953674316,2.4000000953674316,1.9714285135269165,0
2019-03-26,2.25,2.25,2.25,2.25,1.8482141494750977,40000
2019-03-27,2.1600000858306885,2.5,2.1600000858306885,2.4800000190734863,2.037142753601074,920000
2019-03-28,2.494999885559082,2.494999885559082,2.494999885559082,2.494999885559082,2.049464225769043,80000
2019-04-01,2.2049999237060547,2.2049999237060547,2.2049999237060547,2.2049999237060547,1.811249852180481,40000
2019-04-02,2.305000066757202,2.390000104904175,2.255000114440918,2.255000114440918,1.8523213863372803,240000
2019-04-03,2.25,2.25,2.25,2.25,1.8482141494750977,40000
2019-04-04,2.3399999141693115,2.3399999141693115,2.3399999141693115,2.3399999141693115,1.922142744064331,40000
2019-04-05,2.3399999141693115,2.3399999141693115,2.3399999141693115,2.3399999141693115,1.922142744064331,0
2019-04-08,2.3399999141693115,2.3399999141693115,2.3399999141693115,2.3399999141693115,1.922142744064331,0
2019-04-09,2.4000000953674316,2.450000047683716,2.299999952316284,2.375,1.9508928060531616,160000
2019-04-10,2.4000000953674316,2.4000000953674316,2.4000000953674316,2.4000000953674316,1.9714285135269165,40000
2019-04-11,2.4000000953674316,2.4000000953674316,2.4000000953674316,2.4000000953674316,1.9714285135269165,0
2019-04-12,2.450000047683716,2.5450000762939453,2.4049999713897705,2.5350000858306885,2.0823214054107666,480000
2019-04-15,2.450000047683716,2.700000047683716,2.450000047683716,2.700000047683716,2.2178571224212646,7440000
2019-04-16,2.5999999046325684,2.75,2.5999999046325684,2.75,2.2589285373687744,4080000
2019-04-18,2.5999999046325684,2.700000047683716,2.5999999046325684,2.700000047683716,2.2178571224212646,1240000
2019-04-22,2.694999933242798,2.700000047683716,2.634999990463257,2.634999990463257,2.164464235305786,1240000
2019-04-23,2.700000047683716,2.700000047683716,2.700000047683716,2.700000047683716,2.2178571224212646,280000
2019-04-24,2.700000047683716,2.700000047683716,2.700000047683716,2.700000047683716,2.2178571224212646,0
2019-04-25,2.549999952316284,2.75,2.549999952316284,2.75,2.2589285373687744,320000
2019-04-26,2.5999999046325684,2.5999999046325684,2.5999999046325684,2.5999999046325684,2.135714054107666,40000
2019-04-30,2.5999999046325684,2.5999999046325684,2.5999999046325684,2.5999999046325684,2.135714054107666,0
2019-05-02,2.5999999046325684,2.5999999046325684,2.5999999046325684,2.5999999046325684,2.135714054107666,0
2019-05-03,2.549999952316284,2.7750000953674316,2.549999952316284,2.765000104904175,2.271250009536743,320000
2019-05-06,2.6050000190734863,2.765000104904175,2.5999999046325684,2.609999895095825,2.143928289413452,280000
2019-05-07,2.609999895095825,2.609999895095825,2.609999895095825,2.609999895095825,2.143928289413452,0
2019-05-08,2.609999895095825,2.609999895095825,2.609999895095825,2.609999895095825,2.143928289413452,0
2019-05-09,2.609999895095825,2.609999895095825,2.609999895095825,2.609999895095825,2.143928289413452,0
2019-05-10,2.6700000762939453,3.0399999618530273,2.6700000762939453,2.944999933242798,2.419106960296631,1640000
2019-05-13,2.799999952316284,2.9000000953674316,2.7100000381469727,2.755000114440918,2.263035774230957,200000
2019-05-14,2.700000047683716,2.990000009536743,2.700000047683716,2.990000009536743,2.456071376800537,240000
2019-05-15,2.940000057220459,2.940000057220459,2.700000047683716,2.7049999237060547,2.221964120864868,440000
2019-05-16,2.700000047683716,2.700000047683716,2.5999999046325684,2.5999999046325684,2.135714054107666,80000
2019-05-17,2.555000066757202,2.75,2.555000066757202,2.75,2.2589285373687744,1720000
2019-05-20,2.694999933242798,2.950000047683716,2.694999933242798,2.809999942779541,2.3082141876220703,1680000
2019-05-21,2.799999952316284,2.994999885559082,2.799999952316284,2.994999885559082,2.4601783752441406,80000
2019-05-22,2.7249999046325684,2.8450000286102295,2.700000047683716,2.825000047683716,2.320535659790039,440000
2019-05-23,2.75,2.815000057220459,2.75,2.799999952316284,2.299999952316284,400000
2019-05-24,2.8299999237060547,2.8499999046325684,2.700000047683716,2.8499999046325684,2.341071367263794,480000
2019-05-27,2.8499999046325684,2.8499999046325684,2.8499999046325684,2.8499999046325684,2.341071367263794,0
2019-05-28,2.7249999046325684,2.8350000381469727,2.700000047683716,2.7950000762939453,2.2958927154541016,480000
2019-05-29,2.7950000762939453,2.7950000762939453,2.7950000762939453,2.7950000762939453,2.2958927154541016,0
2019-05-30,2.630000114440918,2.630000114440918,2.549999952316284,2.5999999046325684,2.135714054107666,240000
2019-05-31,2.5999999046325684,2.5999999046325684,2.5999999046325684,2.5999999046325684,2.135714054107666,0
2019-06-03,2.609999895095825,2.7249999046325684,2.5999999046325684,2.6050000190734863,2.1398212909698486,1360000
2019-06-04,2.615000009536743,2.8499999046325684,2.5999999046325684,2.740000009536743,2.2507143020629883,2400000
2019-06-06,2.7699999809265137,2.884999990463257,2.7699999809265137,2.8399999141693115,2.3328568935394287,720000
2019-06-07,2.7750000953674316,2.875,2.7750000953674316,2.805000066757202,2.304107189178467,1280000
2019-06-10,2.8299999237060547,2.8299999237060547,2.700000047683716,2.7750000953674316,2.2794642448425293,960000
2019-06-11,2.7950000762939453,2.8499999046325684,2.7950000762939453,2.8299999237060547,2.3246426582336426,1000000
2019-06-12,2.859999895095825,2.9200000762939453,2.799999952316284,2.9149999618530273,2.3944642543792725,640000
2019-06-13,2.7049999237060547,2.940000057220459,2.7049999237060547,2.9000000953674316,2.3821427822113037,320000
2019-06-14,2.8949999809265137,3.4800000190734863,2.890000104904175,3.005000114440918,2.468392848968506,760000
2019-06-17,3.015000104904175,3.299999952316284,3.015000104904175,3.2249999046325684,2.649106979370117,640000
2019-06-18,3.1500000953674316,3.2100000381469727,3.069999933242798,3.180000066757202,2.61214280128479,280000
2019-06-19,3.0999999046325684,3.25,2.944999933242798,2.9749999046325684,2.4437499046325684,2440000
2019-06-20,3.1500000953674316,3.190000057220459,3.1500000953674316,3.190000057220459,2.620357036590576,200000
2019-06-21,3.190000057220459,3.634999990463257,3.190000057220459,3.365000009536743,2.7641069889068604,680000
2019-06-24,3.2699999809265137,3.5450000762939453,3.2699999809265137,3.299999952316284,2.710714101791382,640000
2019-06-25,3.299999952316284,3.680000066757202,3.299999952316284,3.569999933242798,2.932499885559082,400000
2019-06-26,3.299999952316284,3.569999933242798,3.299999952316284,3.369999885559082,2.768213987350464,400000
2019-06-27,3.375,3.5999999046325684,3.3499999046325684,3.5899999141693115,2.9489283561706543,400000
2019-06-28,3.5899999141693115,3.619999885559082,3.0999999046325684,3.4149999618530273,2.80517840385437,2200000
2019-07-01,3.2699999809265137,3.5899999141693115,3.2699999809265137,3.559999942779541,2.924285650253296,280000
2019-07-02,3.559999942779541,3.559999942779541,3.559999942779541,3.559999942779541,2.924285650253296,0
2019-07-03,3.450000047683716,3.734999895095825,3.450000047683716,3.615000009536743,2.969464063644409,360000
2019-07-04,3.450000047683716,3.700000047683716,3.450000047683716,3.6500000953674316,2.9982142448425293,200000
2019-07-05,3.694999933242798,3.700000047683716,3.509999990463257,3.6500000953674316,2.9982142448425293,200000
2019-07-08,3.700000047683716,3.934999942779541,3.630000114440918,3.734999895095825,3.06803560256958,360000
2019-07-09,3.609999895095825,3.734999895095825,3.609999895095825,3.734999895095825,3.06803560256958,80000
2019-07-10,3.6050000190734863,3.734999895095825,3.6050000190734863,3.734999895095825,3.06803560256958,160000
2019-07-11,3.7750000953674316,3.7750000953674316,3.5,3.700000047683716,3.039285659790039,520000
2019-07-12,3.9000000953674316,4.199999809265137,3.7100000381469727,3.7100000381469727,3.047499895095825,160000
2019-07-15,3.5999999046325684,4.050000190734863,3.5999999046325684,3.934999942779541,3.232321262359619,360000
2019-07-16,3.9200000762939453,3.9200000762939453,3.9200000762939453,3.9200000762939453,3.2200000286102295,40000
2019-07-17,3.9200000762939453,3.9200000762939453,3.9200000762939453,3.9200000762939453,3.2200000286102295,0
2019-07-18,3.9000000953674316,3.944999933242798,3.7149999141693115,3.8299999237060547,3.146071195602417,120000
2019-07-19,3.75,3.75,3.700000047683716,3.700000047683716,3.039285659790039,120000
2019-07-22,3.75,3.75,3.75,3.75,3.080357074737549,40000
2019-07-23,3.8499999046325684,3.9200000762939453,3.8499999046325684,3.884999990463257,3.1912498474121094,120000
2019-07-24,3.700000047683716,3.700000047683716,3.234999895095825,3.5999999046325684,2.9571425914764404,160000
2019-07-25,3.700000047683716,3.700000047683716,3.700000047683716,3.700000047683716,3.039285659790039,40000
2019-07-26,3.5,3.5,3.5,3.5,2.875,40000
2019-07-29,3.5950000286102295,3.5950000286102295,3.3499999046325684,3.3499999046325684,2.7517855167388916,120000
2019-07-30,3.3499999046325684,3.5950000286102295,3.200000047683716,3.255000114440918,2.6737499237060547,1040000
2019-07-31,3.549999952316284,3.549999952316284,3.549999952316284,3.549999952316284,2.9160711765289307,40000
2019-08-01,3.549999952316284,3.549999952316284,3.549999952316284,3.549999952316284,2.9160711765289307,0
2019-08-02,3.549999952316284,3.549999952316284,3.549999952316284,3.549999952316284,2.9160711765289307,0
2019-08-05,3.549999952316284,3.549999952316284,3.549999952316284,3.549999952316284,2.9160711765289307,0
2019-08-06,3.549999952316284,3.549999952316284,3.549999952316284,3.549999952316284,2.9160711765289307,0
2019-08-07,3.549999952316284,3.549999952316284,3.549999952316284,3.549999952316284,2.9160711765289307,0
2019-08-08,3.549999952316284,3.549999952316284,3.549999952316284,3.549999952316284,2.9160711765289307,0
2019-08-09,3.5799999237060547,3.5799999237060547,3.4049999713897705,3.5350000858306885,2.903749942779541,280000
2019-08-13,3.575000047683716,3.575000047683716,3.575000047683716,3.575000047683716,2.9366071224212646,40000
2019-08-14,3.5899999141693115,3.5899999141693115,3.5899999141693115,3.5899999141693115,2.9489283561706543,40000
2019-08-16,3.4000000953674316,3.5299999713897705,3.4000000953674316,3.5299999713897705,2.8996427059173584,80000
2019-08-19,3.640000104904175,3.640000104904175,3.4149999618530273,3.6050000190734863,2.961249828338623,120000
2019-08-20,3.690000057220459,3.690000057220459,3.690000057220459,3.690000057220459,3.031071424484253,40000
2019-08-21,3.690000057220459,3.690000057220459,3.690000057220459,3.690000057220459,3.031071424484253,0
2019-08-22,3.6600000858306885,3.6649999618530273,3.200000047683716,3.200000047683716,2.6285712718963623,200000
2019-08-23,3.4000000953674316,3.4000000953674316,3.200000047683716,3.359999895095825,2.7599997520446777,440000
2019-08-26,3.4700000286102295,3.4749999046325684,3.4600000381469727,3.4749999046325684,2.854464054107666,160000
2019-08-27,3.5950000286102295,3.5999999046325684,3.4000000953674316,3.4549999237060547,2.8380355834960938,440000
2019-08-28,3.4000000953674316,3.450000047683716,3.299999952316284,3.299999952316284,2.710714101791382,280000
2019-08-29,3.299999952316284,3.299999952316284,3.299999952316284,3.299999952316284,2.710714101791382,0
2019-08-30,3.25,3.25,3.200000047683716,3.25,2.669642686843872,120000
2019-09-03,3.200000047683716,3.200000047683716,2.5999999046325684,2.5999999046325684,2.135714054107666,840000
2019-09-04,2.5999999046325684,3.0,2.369999885559082,3.0,2.4642856121063232,360000
2019-09-05,2.994999885559082,3.0,2.819999933242798,2.819999933242798,2.3164284229278564,400000
2019-09-06,2.994999885559082,2.994999885559082,2.994999885559082,2.994999885559082,2.4601783752441406,40000
2019-09-09,2.8350000381469727,2.880000114440918,2.75,2.75,2.2589285373687744,1400000
2019-09-11,2.8949999809265137,2.9000000953674316,2.359999895095825,2.694999933242798,2.213749885559082,720000
2019-09-12,2.694999933242798,2.694999933242798,2.694999933242798,2.694999933242798,2.213749885559082,0
2019-09-13,2.5999999046325684,2.7750000953674316,2.5999999046325684,2.7750000953674316,2.2794642448425293,240000
2019-09-16,2.799999952316284,2.799999952316284,2.799999952316284,2.799999952316284,2.299999952316284,80000
2019-09-17,2.799999952316284,2.799999952316284,2.799999952316284,2.799999952316284,2.299999952316284,0
2019-09-18,2.9000000953674316,2.9000000953674316,2.9000000953674316,2.9000000953674316,2.9000000953674316,80000
2019-09-19,2.7750000953674316,2.7750000953674316,2.700000047683716,2.700000047683716,2.700000047683716,80000
2019-09-20,2.700000047683716,2.700000047683716,2.700000047683716,2.700000047683716,2.700000047683716,40000
2019-09-23,2.7100000381469727,2.7100000381469727,2.700000047683716,2.700000047683716,2.700000047683716,160000
2019-09-24,2.7100000381469727,2.7100000381469727,2.7100000381469727,2.7100000381469727,2.7100000381469727,40000
2019-09-25,2.825000047683716,2.825000047683716,2.6549999713897705,2.700000047683716,2.700000047683716,160000
2019-09-26,3.0,3.0,2.3499999046325684,2.700000047683716,2.700000047683716,400000
2019-09-27,2.825000047683716,2.825000047683716,2.6500000953674316,2.700000047683716,2.700000047683716,120000
2019-09-30,2.700000047683716,2.75,2.700000047683716,2.75,2.75,80000
2019-10-01,2.75,2.75,2.75,2.75,2.75,0
2019-10-03,2.5999999046325684,2.5999999046325684,2.450000047683716,2.450000047683716,2.450000047683716,160000
2019-10-04,2.450000047683716,2.5,2.450000047683716,2.5,2.5,80000
2019-10-07,2.5,2.5,2.5,2.5,2.5,0
2019-10-09,2.5199999809265137,2.6449999809265137,2.515000104904175,2.5999999046325684,2.5999999046325684,1400000
2019-10-10,2.559999942779541,2.559999942779541,2.549999952316284,2.549999952316284,2.549999952316284,80000
2019-10-11,2.4000000953674316,2.450000047683716,2.4000000953674316,2.450000047683716,2.450000047683716,80000
2019-10-14,2.549999952316284,2.549999952316284,2.515000104904175,2.515000104904175,2.515000104904175,1320000
2019-10-15,2.515000104904175,2.515000104904175,2.515000104904175,2.515000104904175,2.515000104904175,0
2019-10-16,2.515000104904175,2.515000104904175,2.515000104904175,2.515000104904175,2.515000104904175,0
2019-10-17,2.515000104904175,2.515000104904175,2.515000104904175,2.515000104904175,2.515000104904175,0
2019-10-18,2.5,2.515000104904175,2.5,2.515000104904175,2.515000104904175,1000000
2019-10-22,2.515000104904175,2.515000104904175,2.515000104904175,2.515000104904175,2.515000104904175,0
2019-10-23,2.515000104904175,2.515000104904175,2.515000104904175,2.515000104904175,2.515000104904175,0
2019-10-24,2.515000104904175,2.515000104904175,2.515000104904175,2.515000104904175,2.515000104904175,0
2019-10-25,2.4000000953674316,2.4000000953674316,2.4000000953674316,2.4000000953674316,2.4000000953674316,40000
2019-10-29,2.4000000953674316,2.4000000953674316,2.4000000953674316,2.4000000953674316,2.4000000953674316,40000
2019-10-30,2.4000000953674316,2.4000000953674316,2.4000000953674316,2.4000000953674316,2.4000000953674316,0
2019-10-31,2.4000000953674316,2.4000000953674316,2.4000000953674316,2.4000000953674316,2.4000000953674316,0
2019-11-01,2.4000000953674316,2.4000000953674316,2.4000000953674316,2.4000000953674316,2.4000000953674316,0
2019-11-04,2.4000000953674316,2.4000000953674316,2.4000000953674316,2.4000000953674316,2.4000000953674316,0
2019-11-05,2.4000000953674316,2.4000000953674316,2.4000000953674316,2.4000000953674316,2.4000000953674316,0
2019-11-06,2.4000000953674316,2.4000000953674316,2.4000000953674316,2.4000000953674316,2.4000000953674316,0
2019-11-07,2.4000000953674316,2.4000000953674316,2.4000000953674316,2.4000000953674316,2.4000000953674316,0
2019-11-08,2.4000000953674316,2.4000000953674316,2.4000000953674316,2.4000000953674316,2.4000000953674316,0
2019-11-11,2.4000000953674316,2.4000000953674316,2.4000000953674316,2.4000000953674316,2.4000000953674316,0
2019-11-13,2.4000000953674316,2.4000000953674316,2.4000000953674316,2.4000000953674316,2.4000000953674316,0
2019-11-14,2.4000000953674316,2.4000000953674316,2.4000000953674316,2.4000000953674316,2.4000000953674316,0
2019-11-15,2.25,2.2950000762939453,2.25,2.2950000762939453,2.2950000762939453,480000
2019-11-18,2.299999952316284,2.299999952316284,2.265000104904175,2.2799999713897705,2.2799999713897705,80000
2019-11-19,2.2799999713897705,2.2799999713897705,2.2799999713897705,2.2799999713897705,2.2799999713897705,0
2019-11-20,2.2799999713897705,2.2799999713897705,2.2799999713897705,2.2799999713897705,2.2799999713897705,0
2019-11-21,2.2799999713897705,2.2799999713897705,2.2799999713897705,2.2799999713897705,2.2799999713897705,0
2019-11-22,2.2799999713897705,2.2799999713897705,2.2799999713897705,2.2799999713897705,2.2799999713897705,0
2019-11-25,2.2799999713897705,2.2799999713897705,2.2799999713897705,2.2799999713897705,2.2799999713897705,0
2019-11-26,2.299999952316284,2.3399999141693115,2.299999952316284,2.3399999141693115,2.3399999141693115,80000
2019-11-27,2.3399999141693115,2.3399999141693115,2.3399999141693115,2.3399999141693115,2.3399999141693115,0
2019-11-28,2.3399999141693115,2.3399999141693115,2.3399999141693115,2.3399999141693115,2.3399999141693115,0
2019-11-29,2.3399999141693115,2.3399999141693115,2.3399999141693115,2.3399999141693115,2.3399999141693115,0
2019-12-02,2.3399999141693115,2.3399999141693115,2.3399999141693115,2.3399999141693115,2.3399999141693115,0
2019-12-03,2.3399999141693115,2.3399999141693115,2.3399999141693115,2.3399999141693115,2.3399999141693115,0
2019-12-04,2.3399999141693115,2.3399999141693115,2.3399999141693115,2.3399999141693115,2.3399999141693115,0
2019-12-05,2.3399999141693115,2.3399999141693115,2.3399999141693115,2.3399999141693115,2.3399999141693115,0
2019-12-06,2.3399999141693115,2.3399999141693115,2.3399999141693115,2.3399999141693115,2.3399999141693115,0
2019-12-09,2.3399999141693115,2.3399999141693115,2.3399999141693115,2.3399999141693115,2.3399999141693115,0
2019-12-10,2.3399999141693115,2.3399999141693115,2.3399999141693115,2.3399999141693115,2.3399999141693115,0
2019-12-11,2.3399999141693115,2.3399999141693115,2.3399999141693115,2.3399999141693115,2.3399999141693115,0
2019-12-12,2.3399999141693115,2.3399999141693115,2.3399999141693115,2.3399999141693115,2.3399999141693115,0
2019-12-13,2.3399999141693115,2.3399999141693115,2.3399999141693115,2.3399999141693115,2.3399999141693115,0
2019-12-16,2.3399999141693115,2.3399999141693115,2.3399999141693115,2.3399999141693115,2.3399999141693115,0
2019-12-17,2.3399999141693115,2.3399999141693115,2.3399999141693115,2.3399999141693115,2.3399999141693115,0
2019-12-18,2.25,2.25,2.25,2.25,2.25,80000
2019-12-19,2.200000047683716,2.299999952316284,2.200000047683716,2.25,2.25,200000
2019-12-20,2.25,2.25,2.25,2.25,2.25,0
2019-12-23,2.25,2.25,2.25,2.25,2.25,0
2019-12-24,2.200000047683716,2.200000047683716,2.200000047683716,2.200000047683716,2.200000047683716,120000
2019-12-26,2.200000047683716,2.200000047683716,2.200000047683716,2.200000047683716,2.200000047683716,0
2019-12-27,2.200000047683716,2.299999952316284,2.200000047683716,2.299999952316284,2.299999952316284,80000
2019-12-30,2.1500000953674316,2.1500000953674316,2.1500000953674316,2.1500000953674316,2.1500000953674316,40000
2019-12-31,2.2300000190734863,2.2300000190734863,2.2300000190734863,2.2300000190734863,2.2300000190734863,40000
2020-01-01,2.25,2.25,2.25,2.25,2.25,80000
2020-01-02,2.25,2.25,2.25,2.25,2.25,0
2020-01-03,2.25,2.25,2.25,2.25,2.25,40000
2020-01-06,2.174999952316284,2.174999952316284,2.174999952316284,2.174999952316284,2.174999952316284,40000
2020-01-07,2.174999952316284,2.174999952316284,2.174999952316284,2.174999952316284,2.174999952316284,0
2020-01-08,2.1600000858306885,2.1600000858306885,2.1600000858306885,2.1600000858306885,2.1600000858306885,40000
2020-01-09,2.1600000858306885,2.1600000858306885,2.1600000858306885,2.1600000858306885,2.1600000858306885,0
2020-01-10,2.1600000858306885,2.1600000858306885,2.1600000858306885,2.1600000858306885,2.1600000858306885,0
2020-01-13,2.1600000858306885,2.1600000858306885,2.1600000858306885,2.1600000858306885,2.1600000858306885,0
2020-01-14,2.1600000858306885,2.1600000858306885,2.1600000858306885,2.1600000858306885,2.1600000858306885,0
2020-01-15,2.1600000858306885,2.1600000858306885,2.1600000858306885,2.1600000858306885,2.1600000858306885,0
2020-01-16,2.1600000858306885,2.1600000858306885,2.1600000858306885,2.1600000858306885,2.1600000858306885,0
2020-01-17,2.1500000953674316,2.1500000953674316,2.1500000953674316,2.1500000953674316,2.1500000953674316,40000
2020-01-20,2.1500000953674316,2.1500000953674316,2.1500000953674316,2.1500000953674316,2.1500000953674316,0
2020-01-21,2.049999952316284,2.049999952316284,2.049999952316284,2.049999952316284,2.049999952316284,40000
2020-01-22,2.0899999141693115,2.119999885559082,2.0899999141693115,2.1050000190734863,2.1050000190734863,80000
2020-01-23,2.2300000190734863,2.5250000953674316,2.2300000190734863,2.4600000381469727,2.4600000381469727,200000
2020-01-24,2.5999999046325684,2.5999999046325684,2.4000000953674316,2.4600000381469727,2.4600000381469727,1080000
2020-01-27,2.450000047683716,2.450000047683716,2.450000047683716,2.450000047683716,2.450000047683716,40000
2020-01-28,2.450000047683716,2.450000047683716,2.450000047683716,2.450000047683716,2.450000047683716,0
2020-01-29,2.4000000953674316,2.8499999046325684,2.359999895095825,2.694999933242798,2.694999933242798,920000
2020-01-30,2.75,2.825000047683716,2.75,2.825000047683716,2.825000047683716,160000
2020-01-31,2.7049999237060547,2.884999990463257,2.7049999237060547,2.884999990463257,2.884999990463257,80000
2020-02-03,2.940000057220459,2.940000057220459,2.940000057220459,2.940000057220459,2.940000057220459,0
2020-02-04,2.880000114440918,2.880000114440918,2.880000114440918,2.880000114440918,2.880000114440918,80000
2020-02-05,2.8499999046325684,2.8499999046325684,2.8399999141693115,2.8499999046325684,2.8499999046325684,200000
2020-02-06,2.9000000953674316,2.9149999618530273,2.9000000953674316,2.9149999618530273,2.9149999618530273,200000
2020-02-07,2.759999990463257,2.759999990463257,2.6600000858306885,2.680000066757202,2.680000066757202,160000
2020-02-10,2.799999952316284,2.799999952316284,2.640000104904175,2.6500000953674316,2.6500000953674316,160000
2020-02-11,2.700000047683716,2.700000047683716,2.6500000953674316,2.6600000858306885,2.6600000858306885,160000
2020-02-12,2.75,2.75,2.6549999713897705,2.6649999618530273,2.6649999618530273,160000
2020-02-13,2.700000047683716,2.7100000381469727,2.700000047683716,2.7100000381469727,2.7100000381469727,160000
2020-02-14,2.700000047683716,2.7200000286102295,2.619999885559082,2.619999885559082,2.619999885559082,200000
2020-02-17,2.7200000286102295,2.7200000286102295,2.6600000858306885,2.6700000762939453,2.6700000762939453,160000
2020-02-18,2.700000047683716,2.7799999713897705,2.690000057220459,2.7799999713897705,2.7799999713897705,280000
2020-02-19,2.799999952316284,2.9100000858306885,2.799999952316284,2.9100000858306885,2.9100000858306885,560000
2020-02-20,3.0,3.0,2.799999952316284,2.934999942779541,2.934999942779541,520000
2020-02-24,2.8499999046325684,2.950000047683716,2.799999952316284,2.8949999809265137,2.8949999809265137,440000
2020-02-25,2.8949999809265137,2.8949999809265137,2.8949999809265137,2.8949999809265137,2.8949999809265137,0
2020-02-26,2.930000066757202,2.934999942779541,2.700000047683716,2.799999952316284,2.799999952316284,280000
2020-02-27,2.799999952316284,2.799999952316284,2.799999952316284,2.799999952316284,2.799999952316284,0
2020-02-28,2.799999952316284,2.799999952316284,2.799999952316284,2.799999952316284,2.799999952316284,0
2020-03-02,2.700000047683716,2.825000047683716,2.609999895095825,2.819999933242798,2.819999933242798,240000
2020-03-03,2.7799999713897705,2.7899999618530273,2.7799999713897705,2.7899999618530273,2.7899999618530273,120000
2020-03-04,2.740000009536743,2.75,2.740000009536743,2.744999885559082,2.744999885559082,160000
2020-03-05,2.759999990463257,2.765000104904175,2.5999999046325684,2.765000104904175,2.765000104904175,400000
2020-03-06,2.765000104904175,2.765000104904175,2.765000104904175,2.765000104904175,2.765000104904175,0
2020-03-09,2.5,2.5,2.3499999046325684,2.3499999046325684,2.3499999046325684,80000
2020-03-11,2.4000000953674316,2.4749999046325684,2.25,2.25,2.25,240000
2020-03-12,2.200000047683716,2.200000047683716,2.0999999046325684,2.0999999046325684,2.0999999046325684,80000
2020-03-13,2.2300000190734863,2.2300000190734863,2.200000047683716,2.200000047683716,2.200000047683716,80000
2020-03-16,2.1500000953674316,2.1500000953674316,1.7599999904632568,1.7599999904632568,1.7599999904632568,160000
2020-03-17,2.009999990463257,2.009999990463257,2.0,2.0,2.0,80000
2020-03-18,1.899999976158142,1.899999976158142,1.899999976158142,1.899999976158142,1.899999976158142,40000
2020-03-19,1.7999999523162842,1.850000023841858,1.7999999523162842,1.850000023841858,1.850000023841858,80000
2020-03-20,1.7999999523162842,1.7999999523162842,1.4800000190734863,1.4800000190734863,1.4800000190734863,720000
2020-03-23,1.3350000381469727,1.3350000381469727,1.3350000381469727,1.3350000381469727,1.3350000381469727,280000
2020-03-24,1.3200000524520874,1.350000023841858,1.3200000524520874,1.350000023841858,1.350000023841858,80000
2020-03-25,1.4149999618530273,1.4149999618530273,1.4149999618530273,1.4149999618530273,1.4149999618530273,80000
2020-03-26,1.4249999523162842,1.4249999523162842,1.4249999523162842,1.4249999523162842,1.4249999523162842,40000
2020-03-27,1.399999976158142,1.5399999618530273,1.399999976158142,1.5399999618530273,1.5399999618530273,160000
2020-03-30,1.4500000476837158,1.5800000429153442,1.399999976158142,1.5800000429153442,1.5800000429153442,200000
2020-03-31,1.4600000381469727,1.465000033378601,1.4600000381469727,1.465000033378601,1.465000033378601,80000
2020-04-01,1.600000023841858,1.6050000190734863,1.5049999952316284,1.6050000190734863,1.6050000190734863,360000
2020-04-03,1.6050000190734863,1.6050000190734863,1.6050000190734863,1.6050000190734863,1.6050000190734863,0
2020-04-07,1.6050000190734863,1.6050000190734863,1.6050000190734863,1.6050000190734863,1.6050000190734863,0
2020-04-08,1.6050000190734863,1.6050000190734863,1.6050000190734863,1.6050000190734863,1.6050000190734863,0
2020-04-09,1.6699999570846558,1.6799999475479126,1.6699999570846558,1.6749999523162842,1.6749999523162842,240000
2020-04-13,1.7400000095367432,1.7400000095367432,1.7400000095367432,1.7400000095367432,1.7400000095367432,240000
2020-04-15,1.784999966621399,1.784999966621399,1.784999966621399,1.784999966621399,1.784999966621399,40000
2020-04-16,1.784999966621399,1.784999966621399,1.784999966621399,1.784999966621399,1.784999966621399,0
2020-04-17,1.784999966621399,1.784999966621399,1.784999966621399,1.784999966621399,1.784999966621399,0
2020-04-20,1.784999966621399,1.784999966621399,1.784999966621399,1.784999966621399,1.784999966621399,0
2020-04-21,1.7000000476837158,1.7050000429153442,1.7000000476837158,1.7000000476837158,1.7000000476837158,440000
2020-04-22,1.6150000095367432,1.7599999904632568,1.6150000095367432,1.7400000095367432,1.7400000095367432,280000
2020-04-23,1.6549999713897705,1.7649999856948853,1.6549999713897705,1.7050000429153442,1.7050000429153442,560000
2020-04-24,1.6200000047683716,1.6200000047683716,1.6200000047683716,1.6200000047683716,1.6200000047683716,280000
2020-04-27,1.600000023841858,1.600000023841858,1.600000023841858,1.600000023841858,1.600000023841858,40000
2020-04-28,1.600000023841858,1.600000023841858,1.600000023841858,1.600000023841858,1.600000023841858,0
2020-04-29,1.600000023841858,1.600000023841858,1.600000023841858,1.600000023841858,1.600000023841858,0
2020-04-30,1.5499999523162842,1.590000033378601,1.5199999809265137,1.5700000524520874,1.5700000524520874,320000
2020-05-04,1.600000023841858,1.600000023841858,1.600000023841858,1.600000023841858,1.600000023841858,560000
2020-05-05,1.600000023841858,1.600000023841858,1.600000023841858,1.600000023841858,1.600000023841858,0
2020-05-06,1.600000023841858,1.600000023841858,1.600000023841858,1.600000023841858,1.600000023841858,0
2020-05-07,1.6549999713897705,1.6749999523162842,1.6549999713897705,1.6749999523162842,1.6749999523162842,80000
2020-05-08,1.6749999523162842,1.6749999523162842,1.6749999523162842,1.6749999523162842,1.6749999523162842,0
2020-05-11,1.6749999523162842,1.6749999523162842,1.6749999523162842,1.6749999523162842,1.6749999523162842,0
2020-05-12,1.6749999523162842,1.6749999523162842,1.6749999523162842,1.6749999523162842,1.6749999523162842,0
2020-05-13,1.6749999523162842,1.6749999523162842,1.6749999523162842,1.6749999523162842,1.6749999523162842,0
2020-05-14,1.6749999523162842,1.6749999523162842,1.6749999523162842,1.6749999523162842,1.6749999523162842,0
2020-05-15,1.7350000143051147,1.7350000143051147,1.6100000143051147,1.6100000143051147,1.6100000143051147,120000
2020-05-18,1.6799999475479126,1.6799999475479126,1.6799999475479126,1.6799999475479126,1.6799999475479126,80000
2020-05-19,1.75,1.75,1.75,1.75,1.75,80000
2020-05-20,1.8300000429153442,1.8300000429153442,1.8300000429153442,1.8300000429153442,1.8300000429153442,80000
2020-05-21,1.9149999618530273,1.9149999618530273,1.9149999618530273,1.9149999618530273,1.9149999618530273,80000
2020-05-22,1.9149999618530273,1.9149999618530273,1.9149999618530273,1.9149999618530273,1.9149999618530273,0
2020-05-26,2.005000114440918,2.005000114440918,2.005000114440918,2.005000114440918,2.005000114440918,80000
2020-05-27,2.0,2.0950000286102295,2.0,2.069999933242798,2.069999933242798,560000
2020-05-28,2.049999952316284,2.1600000858306885,2.049999952316284,2.1600000858306885,2.1600000858306885,560000
2020-05-29,2.119999885559082,2.200000047683716,2.119999885559082,2.1500000953674316,2.1500000953674316,160000
2020-06-01,2.2249999046325684,2.2249999046325684,2.2249999046325684,2.2249999046325684,2.2249999046325684,40000
2020-06-02,2.305000066757202,2.305000066757202,2.305000066757202,2.305000066757202,2.305000066757202,40000
2020-06-03,2.4000000953674316,2.4000000953674316,2.4000000953674316,2.4000000953674316,2.4000000953674316,200000
2020-06-04,2.4000000953674316,2.4000000953674316,2.4000000953674316,2.4000000953674316,2.4000000953674316,0
2020-06-05,2.4000000953674316,2.4000000953674316,2.4000000953674316,2.4000000953674316,2.4000000953674316,0
2020-06-08,2.4000000953674316,2.4000000953674316,2.4000000953674316,2.4000000953674316,2.4000000953674316,0
2020-06-09,2.3499999046325684,2.3499999046325684,2.3499999046325684,2.3499999046325684,2.3499999046325684,600000
2020-06-10,2.315000057220459,2.4000000953674316,2.315000057220459,2.365000009536743,2.365000009536743,160000
2020-06-11,2.4200000762939453,2.4200000762939453,2.25,2.25,2.25,760000
2020-06-12,2.25,2.25,2.25,2.25,2.25,0
2020-06-15,2.140000104904175,2.194999933242798,2.140000104904175,2.1449999809265137,2.1449999809265137,720000
2020-06-16,2.180000066757202,2.180000066757202,2.0399999618530273,2.0399999618530273,2.0399999618530273,120000
2020-06-17,2.0399999618530273,2.0399999618530273,2.0399999618530273,2.0399999618530273,2.0399999618530273,0
2020-06-18,2.0,2.0,1.940000057220459,1.940000057220459,1.940000057220459,440000
2020-06-19,1.8450000286102295,1.850000023841858,1.8450000286102295,1.850000023841858,1.850000023841858,200000
2020-06-22,1.7999999523162842,1.7999999523162842,1.7999999523162842,1.7999999523162842,1.7999999523162842,240000
2020-06-23,1.7999999523162842,1.7999999523162842,1.7999999523162842,1.7999999523162842,1.7999999523162842,0
2020-06-24,1.8799999952316284,1.8799999952316284,1.8799999952316284,1.8799999952316284,1.8799999952316284,80000
2020-06-25,1.8799999952316284,1.8799999952316284,1.8799999952316284,1.8799999952316284,1.8799999952316284,0
2020-06-26,1.9299999475479126,1.9299999475479126,1.9299999475479126,1.9299999475479126,1.9299999475479126,80000
2020-06-29,1.9299999475479126,1.9299999475479126,1.9299999475479126,1.9299999475479126,1.9299999475479126,0
2020-06-30,1.8350000381469727,1.8350000381469727,1.8350000381469727,1.8350000381469727,1.8350000381469727,120000
2020-07-01,1.899999976158142,1.899999976158142,1.7450000047683716,1.7899999618530273,1.7899999618530273,320000
2020-07-02,1.75,1.75,1.7050000429153442,1.7050000429153442,1.7050000429153442,200000
2020-07-03,1.7300000190734863,1.7699999809265137,1.7300000190734863,1.7599999904632568,1.7599999904632568,200000
2020-07-06,1.75,1.8350000381469727,1.6749999523162842,1.7799999713897705,1.7799999713897705,1520000
2020-07-07,1.75,1.75,1.6950000524520874,1.7300000190734863,1.7300000190734863,560000
2020-07-08,1.6549999713897705,1.6549999713897705,1.6449999809265137,1.6449999809265137,1.6449999809265137,160000
2020-07-09,1.6449999809265137,1.6449999809265137,1.6449999809265137,1.6449999809265137,1.6449999809265137,0
2020-07-10,1.6449999809265137,1.6449999809265137,1.6449999809265137,1.6449999809265137,1.6449999809265137,0
2020-07-13,1.6399999856948853,1.6449999809265137,1.6399999856948853,1.6449999809265137,1.6449999809265137,400000
2020-07-14,1.6449999809265137,1.6449999809265137,1.6449999809265137,1.6449999809265137,1.6449999809265137,0
2020-07-15,1.565000057220459,1.565000057220459,1.565000057220459,1.565000057220459,1.565000057220459,80000
2020-07-16,1.4900000095367432,1.4900000095367432,1.4900000095367432,1.4900000095367432,1.4900000095367432,80000
2020-07-17,1.5399999618530273,1.5399999618530273,1.5399999618530273,1.5399999618530273,1.5399999618530273,80000
2020-07-20,1.5950000286102295,1.6100000143051147,1.5950000286102295,1.6100000143051147,1.6100000143051147,80000
2020-07-21,1.5750000476837158,1.6399999856948853,1.5399999618530273,1.6399999856948853,1.6399999856948853,600000
2020-07-22,1.6399999856948853,1.6399999856948853,1.6399999856948853,1.6399999856948853,1.6399999856948853,0
2020-07-23,1.6399999856948853,1.6399999856948853,1.6399999856948853,1.6399999856948853,1.6399999856948853,0
2020-07-24,1.6399999856948853,1.6399999856948853,1.6399999856948853,1.6399999856948853,1.6399999856948853,0
2020-07-27,1.6399999856948853,1.6399999856948853,1.6399999856948853,1.6399999856948853,1.6399999856948853,0
2020-07-28,1.7000000476837158,1.7000000476837158,1.625,1.6299999952316284,1.6299999952316284,1040000
2020-07-29,1.7000000476837158,1.7100000381469727,1.6799999475479126,1.7050000429153442,1.7050000429153442,1320000
2020-07-30,1.7649999856948853,1.7649999856948853,1.6200000047683716,1.6200000047683716,1.6200000047683716,3000000
2020-07-31,1.600000023841858,1.600000023841858,1.5850000381469727,1.5850000381469727,1.5850000381469727,120000
2020-08-03,1.5850000381469727,1.5850000381469727,1.5850000381469727,1.5850000381469727,1.5850000381469727,0
2020-08-04,1.649999976158142,1.649999976158142,1.649999976158142,1.649999976158142,1.649999976158142,440000
2020-08-05,1.7050000429153442,1.7050000429153442,1.7050000429153442,1.7050000429153442,1.7050000429153442,40000
2020-08-06,1.7050000429153442,1.7050000429153442,1.6200000047683716,1.6200000047683716,1.6200000047683716,2640000
2020-08-07,1.5399999618530273,1.559999942779541,1.5399999618530273,1.559999942779541,1.559999942779541,440000
2020-08-10,1.6100000143051147,1.6299999952316284,1.5499999523162842,1.600000023841858,1.600000023841858,240000
2020-08-11,1.649999976158142,1.6699999570846558,1.649999976158142,1.659999966621399,1.659999966621399,160000
2020-08-12,1.659999966621399,1.690000057220459,1.6050000190734863,1.6150000095367432,1.6150000095367432,240000
2020-08-13,1.659999966621399,1.659999966621399,1.6549999713897705,1.6549999713897705,1.6549999713897705,1000000
2020-08-14,1.690000057220459,1.7100000381469727,1.6549999713897705,1.6950000524520874,1.6950000524520874,1360000
2020-08-17,1.6200000047683716,1.7450000047683716,1.6200000047683716,1.6299999952316284,1.6299999952316284,3760000
2020-08-18,1.684999942779541,1.7100000381469727,1.6799999475479126,1.7100000381469727,1.7100000381469727,640000
2020-08-19,1.6649999618530273,1.6649999618530273,1.649999976158142,1.6549999713897705,1.6549999713897705,200000
2020-08-20,1.659999966621399,1.7350000143051147,1.649999976158142,1.7300000190734863,1.7300000190734863,3440000
2020-08-21,1.7300000190734863,1.7799999713897705,1.7300000190734863,1.7799999713897705,1.7799999713897705,120000
2020-08-24,1.7799999713897705,1.7799999713897705,1.715000033378601,1.715000033378601,1.715000033378601,240000
2020-08-25,1.6399999856948853,1.6950000524520874,1.6349999904632568,1.6950000524520874,1.6950000524520874,160000
2020-08-26,1.6299999952316284,1.6349999904632568,1.6200000047683716,1.6299999952316284,1.6299999952316284,240000
2020-08-27,1.6749999523162842,1.7000000476837158,1.6749999523162842,1.684999942779541,1.684999942779541,240000
2020-08-28,1.625,1.6299999952316284,1.625,1.6299999952316284,1.6299999952316284,80000
2020-08-31,1.600000023841858,1.6799999475479126,1.600000023841858,1.600000023841858,1.600000023841858,240000
2020-09-01,1.600000023841858,1.600000023841858,1.600000023841858,1.600000023841858,1.600000023841858,0
2020-09-02,1.5199999809265137,1.5199999809265137,1.5199999809265137,1.5199999809265137,1.5199999809265137,40000
2020-09-03,1.5199999809265137,1.5199999809265137,1.5199999809265137,1.5199999809265137,1.5199999809265137,0
2020-09-04,1.5199999809265137,1.5199999809265137,1.5199999809265137,1.5199999809265137,1.5199999809265137,0
2020-09-07,1.5199999809265137,1.5199999809265137,1.5199999809265137,1.5199999809265137,1.5199999809265137,0
2020-09-08,1.5499999523162842,1.5499999523162842,1.5499999523162842,1.5499999523162842,1.5499999523162842,80000
2020-09-09,1.5,1.600000023841858,1.4850000143051147,1.600000023841858,1.600000023841858,280000
2020-09-10,1.649999976158142,1.6799999475479126,1.649999976158142,1.6799999475479126,1.6799999475479126,240000
2020-09-11,1.6799999475479126,1.6799999475479126,1.6799999475479126,1.6799999475479126,1.6799999475479126,40000
2020-09-14,1.6050000190734863,1.6050000190734863,1.600000023841858,1.6050000190734863,1.6050000190734863,120000
2020-09-15,1.5299999713897705,1.684999942779541,1.5299999713897705,1.684999942779541,1.684999942779541,600000
2020-09-16,1.684999942779541,1.7649999856948853,1.684999942779541,1.7649999856948853,1.7649999856948853,1360000
2020-09-17,1.7899999618530273,1.850000023841858,1.75,1.8350000381469727,1.8350000381469727,400000
2020-09-18,1.7699999809265137,1.7699999809265137,1.7649999856948853,1.7649999856948853,1.7649999856948853,80000
2020-09-21,1.6799999475479126,1.7949999570846558,1.6799999475479126,1.684999942779541,1.684999942779541,440000
2020-09-22,1.684999942779541,1.684999942779541,1.684999942779541,1.684999942779541,1.684999942779541,0
2020-09-23,1.6799999475479126,1.6799999475479126,1.6799999475479126,1.6799999475479126,1.6799999475479126,40000
2020-09-24,1.6799999475479126,1.7599999904632568,1.6799999475479126,1.7599999904632568,1.7599999904632568,3960000
2020-09-25,1.7599999904632568,1.8450000286102295,1.7599999904632568,1.8450000286102295,1.8450000286102295,760000
2020-09-28,1.8450000286102295,1.934999942779541,1.8450000286102295,1.934999942779541,1.934999942779541,760000
2020-09-29,2.005000114440918,2.0299999713897705,1.9800000190734863,2.0250000953674316,2.0250000953674316,2040000
2020-09-30,2.0999999046325684,2.125,1.9500000476837158,1.9500000476837158,1.9500000476837158,240000
2020-10-01,1.8600000143051147,2.0,1.8550000190734863,2.0,2.0,120000
2020-10-05,2.0,2.0,2.0,2.0,2.0,0
2020-10-06,2.049999952316284,2.0999999046325684,2.0,2.0399999618530273,2.0399999618530273,600000
2020-10-07,2.1050000190734863,2.109999895095825,2.0999999046325684,2.0999999046325684,2.0999999046325684,120000
2020-10-08,2.125,2.180000066757202,2.0199999809265137,2.0199999809265137,2.0199999809265137,160000
2020-10-09,2.0199999809265137,2.0199999809265137,2.0199999809265137,2.0199999809265137,2.0199999809265137,0
2020-10-12,2.0250000953674316,2.0250000953674316,2.0250000953674316,2.0250000953674316,2.0250000953674316,40000
2020-10-13,1.9500000476837158,1.9500000476837158,1.9500000476837158,1.9500000476837158,1.9500000476837158,40000
2020-10-14,1.9500000476837158,1.9500000476837158,1.9500000476837158,1.9500000476837158,1.9500000476837158,0
2020-10-15,1.875,1.875,1.8600000143051147,1.8600000143051147,1.8600000143051147,80000
2020-10-16,1.9600000381469727,1.9600000381469727,1.9600000381469727,1.9600000381469727,1.9600000381469727,40000
2020-10-19,1.8650000095367432,1.8650000095367432,1.7649999856948853,1.7649999856948853,1.7649999856948853,840000
2020-10-20,1.7649999856948853,1.7649999856948853,1.7649999856948853,1.7649999856948853,1.7649999856948853,0
2020-10-21,1.6699999570846558,1.7300000190734863,1.6699999570846558,1.7300000190734863,1.7300000190734863,80000
2020-10-22,1.7300000190734863,1.7300000190734863,1.7300000190734863,1.7300000190734863,1.7300000190734863,0
2020-10-23,1.7300000190734863,1.7300000190734863,1.7300000190734863,1.7300000190734863,1.7300000190734863,0
2020-10-26,1.7000000476837158,1.7100000381469727,1.7000000476837158,1.7100000381469727,1.7100000381469727,80000
2020-10-27,1.8200000524520874,1.8799999952316284,1.725000023841858,1.809999942779541,1.809999942779541,120000
2020-10-28,1.809999942779541,1.809999942779541,1.809999942779541,1.809999942779541,1.809999942779541,0
2020-10-29,1.809999942779541,1.809999942779541,1.809999942779541,1.809999942779541,1.809999942779541,0
2020-10-30,1.8300000429153442,1.8300000429153442,1.8300000429153442,1.8300000429153442,1.8300000429153442,40000
2020-11-02,1.8300000429153442,1.8300000429153442,1.8300000429153442,1.8300000429153442,1.8300000429153442,0
2020-11-03,1.8300000429153442,1.8300000429153442,1.8300000429153442,1.8300000429153442,1.8300000429153442,0
2020-11-04,1.7799999713897705,2.009999990463257,1.7799999713897705,1.9950000047683716,1.9950000047683716,440000
2020-11-05,2.069999933242798,2.190000057220459,2.069999933242798,2.190000057220459,2.190000057220459,560000
2020-11-06,2.255000114440918,2.4049999713897705,1.9800000190734863,2.0850000381469727,2.0850000381469727,1240000
2020-11-09,2.0850000381469727,2.0850000381469727,2.0850000381469727,2.0850000381469727,2.0850000381469727,0
2020-11-10,2.0850000381469727,2.0850000381469727,2.0850000381469727,2.0850000381469727,2.0850000381469727,0
2020-11-11,2.0,2.125,1.8799999952316284,2.069999933242798,2.069999933242798,1400000
2020-11-12,2.069999933242798,2.069999933242798,2.069999933242798,2.069999933242798,2.069999933242798,0
2020-11-13,2.069999933242798,2.069999933242798,2.069999933242798,2.069999933242798,2.069999933242798,0
2020-11-14,2.049999952316284,2.049999952316284,2.049999952316284,2.049999952316284,2.049999952316284,40000
2020-11-17,2.0,2.0,2.0,2.0,2.0,40000
2020-11-18,2.0,2.0,2.0,2.0,2.0,0
2020-11-19,2.0,2.0,2.0,2.0,2.0,0
2020-11-20,2.0999999046325684,2.0999999046325684,2.0999999046325684,2.0999999046325684,2.0999999046325684,40000
2020-11-23,2.125,2.125,2.125,2.125,2.125,40000
2020-11-24,2.0999999046325684,2.125,2.069999933242798,2.069999933242798,2.069999933242798,120000
2020-11-25,2.180000066757202,2.180000066757202,2.180000066757202,2.180000066757202,2.180000066757202,40000
2020-11-26,2.2300000190734863,2.2300000190734863,2.2300000190734863,2.2300000190734863,2.2300000190734863,40000
2020-11-27,2.2300000190734863,2.2300000190734863,2.2300000190734863,2.2300000190734863,2.2300000190734863,0
2020-12-01,2.255000114440918,2.2750000953674316,2.255000114440918,2.2750000953674316,2.2750000953674316,120000
2020-12-02,2.1500000953674316,2.265000104904175,2.069999933242798,2.265000104904175,2.265000104904175,1000000
2020-12-03,2.265000104904175,2.265000104904175,2.265000104904175,2.265000104904175,2.265000104904175,0
2020-12-04,2.265000104904175,2.265000104904175,2.265000104904175,2.265000104904175,2.265000104904175,0
2020-12-07,2.265000104904175,2.265000104904175,2.265000104904175,2.265000104904175,2.265000104904175,0
2020-12-08,2.265000104904175,2.265000104904175,2.265000104904175,2.265000104904175,2.265000104904175,0
2020-12-09,2.265000104904175,2.265000104904175,2.265000104904175,2.265000104904175,2.265000104904175,0
2020-12-10,2.265000104904175,2.265000104904175,2.265000104904175,2.265000104904175,2.265000104904175,0
2020-12-11,2.265000104904175,2.265000104904175,2.265000104904175,2.265000104904175,2.265000104904175,0
2020-12-14,2.265000104904175,2.265000104904175,2.265000104904175,2.265000104904175,2.265000104904175,0
2020-12-15,2.265000104904175,2.265000104904175,2.265000104904175,2.265000104904175,2.265000104904175,0
2020-12-16,2.265000104904175,2.265000104904175,2.265000104904175,2.265000104904175,2.265000104904175,0
2020-12-17,2.265000104904175,2.265000104904175,2.265000104904175,2.265000104904175,2.265000104904175,0
2020-12-18,2.265000104904175,2.265000104904175,2.265000104904175,2.265000104904175,2.265000104904175,0
2020-12-21,2.265000104904175,2.265000104904175,2.265000104904175,2.265000104904175,2.265000104904175,0
2020-12-22,2.265000104904175,2.265000104904175,2.265000104904175,2.265000104904175,2.265000104904175,0
2020-12-23,2.265000104904175,2.265000104904175,2.265000104904175,2.265000104904175,2.265000104904175,0
2020-12-24,2.265000104904175,2.265000104904175,2.265000104904175,2.265000104904175,2.265000104904175,0
2020-12-28,2.265000104904175,2.265000104904175,2.265000104904175,2.265000104904175,2.265000104904175,0
2020-12-29,2.265000104904175,2.265000104904175,2.265000104904175,2.265000104904175,2.265000104904175,0
2020-12-30,2.265000104904175,2.265000104904175,2.265000104904175,2.265000104904175,2.265000104904175,0
2020-12-31,2.265000104904175,2.265000104904175,2.265000104904175,2.265000104904175,2.265000104904175,0
2021-01-01,2.265000104904175,2.265000104904175,2.265000104904175,2.265000104904175,2.265000104904175,0
2021-01-04,2.265000104904175,2.265000104904175,2.265000104904175,2.265000104904175,2.265000104904175,0
2021-01-05,2.265000104904175,2.265000104904175,2.265000104904175,2.265000104904175,2.265000104904175,0
2021-01-06,2.265000104904175,2.265000104904175,2.265000104904175,2.265000104904175,2.265000104904175,0
2021-01-07,2.265000104904175,2.265000104904175,2.265000104904175,2.265000104904175,2.265000104904175,0
2021-01-08,2.265000104904175,2.265000104904175,2.265000104904175,2.265000104904175,2.265000104904175,0
2021-01-11,2.265000104904175,2.265000104904175,2.265000104904175,2.265000104904175,2.265000104904175,0
2021-01-12,2.265000104904175,2.265000104904175,2.265000104904175,2.265000104904175,2.265000104904175,0
2021-01-13,2.265000104904175,2.265000104904175,2.265000104904175,2.265000104904175,2.265000104904175,0
2021-01-14,2.265000104904175,2.265000104904175,2.265000104904175,2.265000104904175,2.265000104904175,0
2021-01-15,2.265000104904175,2.265000104904175,2.265000104904175,2.265000104904175,2.265000104904175,0
2021-01-18,2.265000104904175,2.265000104904175,2.265000104904175,2.265000104904175,2.265000104904175,0
2021-01-19,2.265000104904175,2.265000104904175,2.265000104904175,2.265000104904175,2.265000104904175,0
2021-01-20,2.265000104904175,2.265000104904175,2.265000104904175,2.265000104904175,2.265000104904175,0
2021-01-21,2.265000104904175,2.265000104904175,2.265000104904175,2.265000104904175,2.265000104904175,0
2021-01-22,2.265000104904175,2.265000104904175,2.265000104904175,2.265000104904175,2.265000104904175,0
2021-01-25,2.265000104904175,2.265000104904175,2.265000104904175,2.265000104904175,2.265000104904175,0
2021-01-27,2.265000104904175,2.265000104904175,2.265000104904175,2.265000104904175,2.265000104904175,0
2021-01-28,2.265000104904175,2.265000104904175,2.265000104904175,2.265000104904175,2.265000104904175,0
2021-01-29,2.265000104904175,2.265000104904175,2.265000104904175,2.265000104904175,2.265000104904175,0
2021-02-01,2.265000104904175,2.265000104904175,2.265000104904175,2.265000104904175,2.265000104904175,0
2021-02-02,2.265000104904175,2.265000104904175,2.265000104904175,2.265000104904175,2.265000104904175,0
2021-02-03,2.265000104904175,2.265000104904175,2.265000104904175,2.265000104904175,2.265000104904175,0
2021-02-04,2.265000104904175,2.265000104904175,2.265000104904175,2.265000104904175,2.265000104904175,0
2021-02-05,2.265000104904175,2.265000104904175,2.265000104904175,2.265000104904175,2.265000104904175,0
2021-02-08,2.265000104904175,2.265000104904175,2.265000104904175,2.265000104904175,2.265000104904175,0
2021-02-09,2.265000104904175,2.265000104904175,2.265000104904175,2.265000104904175,2.265000104904175,0
2021-02-10,2.265000104904175,2.265000104904175,2.265000104904175,2.265000104904175,2.265000104904175,0
2021-02-11,2.265000104904175,2.265000104904175,2.265000104904175,2.265000104904175,2.265000104904175,0
2021-02-12,2.265000104904175,2.265000104904175,2.265000104904175,2.265000104904175,2.265000104904175,0
2021-02-15,2.265000104904175,2.265000104904175,2.265000104904175,2.265000104904175,2.265000104904175,0
2021-02-16,2.265000104904175,2.265000104904175,2.265000104904175,2.265000104904175,2.265000104904175,0
2021-02-17,2.265000104904175,2.265000104904175,2.265000104904175,2.265000104904175,2.265000104904175,0
2021-02-18,2.265000104904175,2.265000104904175,2.265000104904175,2.265000104904175,2.265000104904175,0
2021-02-19,2.265000104904175,2.265000104904175,2.265000104904175,2.265000104904175,2.265000104904175,0
2021-02-22,2.265000104904175,2.265000104904175,2.265000104904175,2.265000104904175,2.265000104904175,0
2021-02-23,2.265000104904175,2.265000104904175,2.265000104904175,2.265000104904175,2.265000104904175,0
2021-02-24,2.265000104904175,2.265000104904175,2.265000104904175,2.265000104904175,2.265000104904175,0
2021-02-25,2.265000104904175,2.265000104904175,2.265000104904175,2.265000104904175,2.265000104904175,0
2021-02-26,2.265000104904175,2.265000104904175,2.265000104904175,2.265000104904175,2.265000104904175,0
2021-03-01,2.265000104904175,2.265000104904175,2.265000104904175,2.265000104904175,2.265000104904175,0
2021-03-02,2.265000104904175,2.265000104904175,2.265000104904175,2.265000104904175,2.265000104904175,0
2021-03-03,2.265000104904175,2.265000104904175,2.265000104904175,2.265000104904175,2.265000104904175,0
2021-03-04,2.265000104904175,2.265000104904175,2.265000104904175,2.265000104904175,2.265000104904175,0
2021-03-05,2.265000104904175,2.265000104904175,2.265000104904175,2.265000104904175,2.265000104904175,0
2021-03-08,2.265000104904175,2.265000104904175,2.265000104904175,2.265000104904175,2.265000104904175,0
2021-03-09,2.265000104904175,2.265000104904175,2.265000104904175,2.265000104904175,2.265000104904175,0
2021-03-10,2.265000104904175,2.265000104904175,2.265000104904175,2.265000104904175,2.265000104904175,0
2021-03-12,2.265000104904175,2.265000104904175,2.265000104904175,2.265000104904175,2.265000104904175,0
2021-03-15,2.265000104904175,2.265000104904175,2.265000104904175,2.265000104904175,2.265000104904175,0
2021-03-16,2.265000104904175,2.265000104904175,2.265000104904175,2.265000104904175,2.265000104904175,0
2021-03-17,2.265000104904175,2.265000104904175,2.265000104904175,2.265000104904175,2.265000104904175,0
2021-03-18,2.265000104904175,2.265000104904175,2.265000104904175,2.265000104904175,2.265000104904175,0
2021-03-19,2.265000104904175,2.265000104904175,2.265000104904175,2.265000104904175,2.265000104904175,0
2021-03-22,2.265000104904175,2.265000104904175,2.265000104904175,2.265000104904175,2.265000104904175,0
2021-03-23,2.265000104904175,2.265000104904175,2.265000104904175,2.265000104904175,2.265000104904175,0
2021-03-24,2.265000104904175,2.265000104904175,2.265000104904175,2.265000104904175,2.265000104904175,0
2021-03-25,2.265000104904175,2.265000104904175,2.265000104904175,2.265000104904175,2.265000104904175,0
2021-03-26,2.265000104904175,2.265000104904175,2.265000104904175,2.265000104904175,2.265000104904175,0
2021-03-30,2.265000104904175,2.265000104904175,2.265000104904175,2.265000104904175,2.265000104904175,0
2021-03-31,2.265000104904175,2.265000104904175,2.265000104904175,2.265000104904175,2.265000104904175,0
2021-04-01,2.265000104904175,2.265000104904175,2.265000104904175,2.265000104904175,2.265000104904175,0
2021-04-05,2.265000104904175,2.265000104904175,2.265000104904175,2.265000104904175,2.265000104904175,0
2021-04-06,2.265000104904175,2.265000104904175,2.265000104904175,2.265000104904175,2.265000104904175,0
2021-04-07,2.265000104904175,2.265000104904175,2.265000104904175,2.265000104904175,2.265000104904175,0
2021-04-08,2.265000104904175,2.265000104904175,2.265000104904175,2.265000104904175,2.265000104904175,0
2021-04-09,2.265000104904175,2.265000104904175,2.265000104904175,2.265000104904175,2.265000104904175,0
2021-04-12,2.265000104904175,2.265000104904175,2.265000104904175,2.265000104904175,2.265000104904175,0
2021-04-13,2.265000104904175,2.265000104904175,2.265000104904175,2.265000104904175,2.265000104904175,0
2021-04-15,2.265000104904175,2.265000104904175,2.265000104904175,2.265000104904175,2.265000104904175,0
2021-04-16,2.265000104904175,2.265000104904175,2.265000104904175,2.265000104904175,2.265000104904175,0
2021-04-19,2.265000104904175,2.265000104904175,2.265000104904175,2.265000104904175,2.265000104904175,0
2021-04-20,2.265000104904175,2.265000104904175,2.265000104904175,2.265000104904175,2.265000104904175,0
2021-04-22,2.265000104904175,2.265000104904175,2.265000104904175,2.265000104904175,2.265000104904175,0
2021-04-23,2.265000104904175,2.265000104904175,2.265000104904175,2.265000104904175,2.265000104904175,0
2021-04-26,2.265000104904175,2.265000104904175,2.265000104904175,2.265000104904175,2.265000104904175,0
2021-04-27,2.265000104904175,2.265000104904175,2.265000104904175,2.265000104904175,2.265000104904175,0
2021-04-28,2.265000104904175,2.265000104904175,2.265000104904175,2.265000104904175,2.265000104904175,0
2021-04-29,2.265000104904175,2.265000104904175,2.265000104904175,2.265000104904175,2.265000104904175,0
2021-04-30,2.265000104904175,2.265000104904175,2.265000104904175,2.265000104904175,2.265000104904175,0
2021-05-03,2.265000104904175,2.265000104904175,2.265000104904175,2.265000104904175,2.265000104904175,0
2021-05-04,2.265000104904175,2.265000104904175,2.265000104904175,2.265000104904175,2.265000104904175,0
2021-05-05,2.265000104904175,2.265000104904175,2.265000104904175,2.265000104904175,2.265000104904175,0
2021-05-06,2.265000104904175,2.265000104904175,2.265000104904175,2.265000104904175,2.265000104904175,0
2021-05-07,2.265000104904175,2.265000104904175,2.265000104904175,2.265000104904175,2.265000104904175,0
2021-05-10,2.265000104904175,2.265000104904175,2.265000104904175,2.265000104904175,2.265000104904175,0
2021-05-11,2.265000104904175,2.265000104904175,2.265000104904175,2.265000104904175,2.265000104904175,0
2021-05-12,2.265000104904175,2.265000104904175,2.265000104904175,2.265000104904175,2.265000104904175,0
2021-05-14,2.265000104904175,2.265000104904175,2.265000104904175,2.265000104904175,2.265000104904175,0
2021-05-17,2.265000104904175,2.265000104904175,2.265000104904175,2.265000104904175,2.265000104904175,0
2021-05-18,2.265000104904175,2.265000104904175,2.265000104904175,2.265000104904175,2.265000104904175,0
2021-05-19,2.265000104904175,2.265000104904175,2.265000104904175,2.265000104904175,2.265000104904175,0
2021-05-20,2.265000104904175,2.265000104904175,2.265000104904175,2.265000104904175,2.265000104904175,0
2021-05-21,2.265000104904175,2.265000104904175,2.265000104904175,2.265000104904175,2.265000104904175,0
2021-05-24,2.265000104904175,2.265000104904175,2.265000104904175,2.265000104904175,2.265000104904175,0
2021-05-25,2.265000104904175,2.265000104904175,2.265000104904175,2.265000104904175,2.265000104904175,0
2021-05-26,2.265000104904175,2.265000104904175,2.265000104904175,2.265000104904175,2.265000104904175,0
2021-05-27,2.265000104904175,2.265000104904175,2.265000104904175,2.265000104904175,2.265000104904175,0
2021-05-28,2.265000104904175,2.265000104904175,2.265000104904175,2.265000104904175,2.265000104904175,0
2021-05-31,2.265000104904175,2.265000104904175,2.265000104904175,2.265000104904175,2.265000104904175,0
2021-06-01,2.265000104904175,2.265000104904175,2.265000104904175,2.265000104904175,2.265000104904175,0
2021-06-02,2.265000104904175,2.265000104904175,2.265000104904175,2.265000104904175,2.265000104904175,0
2021-06-03,2.265000104904175,2.265000104904175,2.265000104904175,2.265000104904175,2.265000104904175,0
2021-06-04,2.265000104904175,2.265000104904175,2.265000104904175,2.265000104904175,2.265000104904175,0
2021-06-07,2.265000104904175,2.265000104904175,2.265000104904175,2.265000104904175,2.265000104904175,0
2021-06-08,2.265000104904175,2.265000104904175,2.265000104904175,2.265000104904175,2.265000104904175,0
2021-06-09,2.265000104904175,2.265000104904175,2.265000104904175,2.265000104904175,2.265000104904175,0
2021-06-10,2.265000104904175,2.265000104904175,2.265000104904175,2.265000104904175,2.265000104904175,0
2021-06-11,2.265000104904175,2.265000104904175,2.265000104904175,2.265000104904175,2.265000104904175,0
2021-06-14,2.265000104904175,2.265000104904175,2.265000104904175,2.265000104904175,2.265000104904175,0
2021-06-15,2.265000104904175,2.265000104904175,2.265000104904175,2.265000104904175,2.265000104904175,0
2021-06-16,2.265000104904175,2.265000104904175,2.265000104904175,2.265000104904175,2.265000104904175,0
2021-06-17,2.265000104904175,2.265000104904175,2.265000104904175,2.265000104904175,2.265000104904175,0
2021-06-18,2.265000104904175,2.265000104904175,2.265000104904175,2.265000104904175,2.265000104904175,0
2021-06-21,2.265000104904175,2.265000104904175,2.265000104904175,2.265000104904175,2.265000104904175,0
2021-06-22,2.265000104904175,2.265000104904175,2.265000104904175,2.265000104904175,2.265000104904175,0
2021-06-23,2.265000104904175,2.265000104904175,2.265000104904175,2.265000104904175,2.265000104904175,0
2021-06-24,2.265000104904175,2.265000104904175,2.265000104904175,2.265000104904175,2.265000104904175,0
2021-06-25,2.265000104904175,2.265000104904175,2.265000104904175,2.265000104904175,2.265000104904175,0
2021-06-28,2.265000104904175,2.265000104904175,2.265000104904175,2.265000104904175,2.265000104904175,0
2021-06-29,2.265000104904175,2.265000104904175,2.265000104904175,2.265000104904175,2.265000104904175,0
2021-06-30,2.265000104904175,2.265000104904175,2.265000104904175,2.265000104904175,2.265000104904175,0
2021-07-01,2.265000104904175,2.265000104904175,2.265000104904175,2.265000104904175,2.265000104904175,0
2021-07-02,2.265000104904175,2.265000104904175,2.265000104904175,2.265000104904175,2.265000104904175,0
2021-07-05,2.265000104904175,2.265000104904175,2.265000104904175,2.265000104904175,2.265000104904175,0
2021-07-06,2.265000104904175,2.265000104904175,2.265000104904175,2.265000104904175,2.265000104904175,0
2021-07-07,2.265000104904175,2.265000104904175,2.265000104904175,2.265000104904175,2.265000104904175,0
2021-07-08,2.265000104904175,2.265000104904175,2.265000104904175,2.265000104904175,2.265000104904175,0
2021-07-09,2.265000104904175,2.265000104904175,2.265000104904175,2.265000104904175,2.265000104904175,0
2021-07-12,2.265000104904175,2.265000104904175,2.265000104904175,2.265000104904175,2.265000104904175,0
2021-07-13,2.265000104904175,2.265000104904175,2.265000104904175,2.265000104904175,2.265000104904175,0
2021-07-14,2.265000104904175,2.265000104904175,2.265000104904175,2.265000104904175,2.265000104904175,0
2021-07-15,2.265000104904175,2.265000104904175,2.265000104904175,2.265000104904175,2.265000104904175,0
2021-07-16,2.265000104904175,2.265000104904175,2.265000104904175,2.265000104904175,2.265000104904175,0
2021-07-19,2.265000104904175,2.265000104904175,2.265000104904175,2.265000104904175,2.265000104904175,0
2021-07-20,2.265000104904175,2.265000104904175,2.265000104904175,2.265000104904175,2.265000104904175,0
2021-07-22,2.265000104904175,2.265000104904175,2.265000104904175,2.265000104904175,2.265000104904175,0
2021-07-23,2.265000104904175,2.265000104904175,2.265000104904175,2.265000104904175,2.265000104904175,0
2021-07-26,2.265000104904175,2.265000104904175,2.265000104904175,2.265000104904175,2.265000104904175,0
2021-07-27,2.265000104904175,2.265000104904175,2.265000104904175,2.265000104904175,2.265000104904175,0
2021-07-28,2.265000104904175,2.265000104904175,2.265000104904175,2.265000104904175,2.265000104904175,0
2021-07-29,2.265000104904175,2.265000104904175,2.265000104904175,2.265000104904175,2.265000104904175,0
2021-07-30,2.265000104904175,2.265000104904175,2.265000104904175,2.265000104904175,2.265000104904175,0
2021-08-02,2.265000104904175,2.265000104904175,2.265000104904175,2.265000104904175,2.265000104904175,0
2021-08-03,2.265000104904175,2.265000104904175,2.265000104904175,2.265000104904175,2.265000104904175,0
2021-08-04,2.265000104904175,2.265000104904175,2.265000104904175,2.265000104904175,2.265000104904175,0
2021-08-05,2.265000104904175,2.265000104904175,2.265000104904175,2.265000104904175,2.265000104904175,0
2021-08-06,2.265000104904175,2.265000104904175,2.265000104904175,2.265000104904175,2.265000104904175,0
2021-08-09,2.265000104904175,2.265000104904175,2.265000104904175,2.265000104904175,2.265000104904175,0
2021-08-10,2.265000104904175,2.265000104904175,2.265000104904175,2.265000104904175,2.265000104904175,0
2021-08-11,2.265000104904175,2.265000104904175,2.265000104904175,2.265000104904175,2.265000104904175,0
2021-08-12,2.265000104904175,2.265000104904175,2.265000104904175,2.265000104904175,2.265000104904175,0
2021-08-13,2.265000104904175,2.265000104904175,2.265000104904175,2.265000104904175,2.265000104904175,0
2021-08-16,2.265000104904175,2.265000104904175,2.265000104904175,2.265000104904175,2.265000104904175,0
2021-08-17,2.265000104904175,2.265000104904175,2.265000104904175,2.265000104904175,2.265000104904175,0
2021-08-18,2.265000104904175,2.265000104904175,2.265000104904175,2.265000104904175,2.265000104904175,0
2021-08-20,2.265000104904175,2.265000104904175,2.265000104904175,2.265000104904175,2.265000104904175,0
2021-08-23,2.265000104904175,2.265000104904175,2.265000104904175,2.265000104904175,2.265000104904175,0
2021-08-24,2.265000104904175,2.265000104904175,2.265000104904175,2.265000104904175,2.265000104904175,0
2021-08-25,2.265000104904175,2.265000104904175,2.265000104904175,2.265000104904175,2.265000104904175,0
2021-08-26,2.265000104904175,2.265000104904175,2.265000104904175,2.265000104904175,2.265000104904175,0
2021-08-27,2.265000104904175,2.265000104904175,2.265000104904175,2.265000104904175,2.265000104904175,0
2021-08-30,2.265000104904175,2.265000104904175,2.265000104904175,2.265000104904175,2.265000104904175,0
2021-08-31,2.265000104904175,2.265000104904175,2.265000104904175,2.265000104904175,2.265000104904175,0
2021-09-01,2.265000104904175,2.265000104904175,2.265000104904175,2.265000104904175,2.265000104904175,0
2021-09-02,2.265000104904175,2.265000104904175,2.265000104904175,2.265000104904175,2.265000104904175,0
2021-09-03,2.265000104904175,2.265000104904175,2.265000104904175,2.265000104904175,2.265000104904175,0
2021-09-06,2.265000104904175,2.265000104904175,2.265000104904175,2.265000104904175,2.265000104904175,0
2021-09-07,2.265000104904175,2.265000104904175,2.265000104904175,2.265000104904175,2.265000104904175,0
2021-09-08,2.265000104904175,2.265000104904175,2.265000104904175,2.265000104904175,2.265000104904175,0
2021-09-09,2.265000104904175,2.265000104904175,2.265000104904175,2.265000104904175,2.265000104904175,0
2021-09-13,2.265000104904175,2.265000104904175,2.265000104904175,2.265000104904175,2.265000104904175,0
2021-09-14,2.265000104904175,2.265000104904175,2.265000104904175,2.265000104904175,2.265000104904175,0
2021-09-15,2.265000104904175,2.265000104904175,2.265000104904175,2.265000104904175,2.265000104904175,0
2021-09-16,2.265000104904175,2.265000104904175,2.265000104904175,2.265000104904175,2.265000104904175,0
2021-09-17,2.265000104904175,2.265000104904175,2.265000104904175,2.265000104904175,2.265000104904175,0
2021-09-20,2.265000104904175,2.265000104904175,2.265000104904175,2.265000104904175,2.265000104904175,0
2021-09-21,2.265000104904175,2.265000104904175,2.265000104904175,2.265000104904175,2.265000104904175,0
2021-09-22,2.265000104904175,2.265000104904175,2.265000104904175,2.265000104904175,2.265000104904175,0
2021-09-23,2.265000104904175,2.265000104904175,2.265000104904175,2.265000104904175,2.265000104904175,0
2021-09-24,2.265000104904175,2.265000104904175,2.265000104904175,2.265000104904175,2.265000104904175,0
2021-09-27,2.265000104904175,2.265000104904175,2.265000104904175,2.265000104904175,2.265000104904175,0
2021-09-28,2.265000104904175,2.265000104904175,2.265000104904175,2.265000104904175,2.265000104904175,0
2021-09-29,2.265000104904175,2.265000104904175,2.265000104904175,2.265000104904175,2.265000104904175,0
2021-09-30,2.265000104904175,2.265000104904175,2.265000104904175,2.265000104904175,2.265000104904175,0
2021-10-01,2.265000104904175,2.265000104904175,2.265000104904175,2.265000104904175,2.265000104904175,0
2021-10-04,2.265000104904175,2.265000104904175,2.265000104904175,2.265000104904175,2.265000104904175,0
2021-10-05,2.265000104904175,2.265000104904175,2.265000104904175,2.265000104904175,2.265000104904175,0
2021-10-06,2.265000104904175,2.265000104904175,2.265000104904175,2.265000104904175,2.265000104904175,0
2021-10-07,2.265000104904175,2.265000104904175,2.265000104904175,2.265000104904175,2.265000104904175,0
2021-10-08,2.265000104904175,2.265000104904175,2.265000104904175,2.265000104904175,2.265000104904175,0
2021-10-11,2.265000104904175,2.265000104904175,2.265000104904175,2.265000104904175,2.265000104904175,0
2021-10-12,2.265000104904175,2.265000104904175,2.265000104904175,2.265000104904175,2.265000104904175,0
2021-10-13,2.265000104904175,2.265000104904175,2.265000104904175,2.265000104904175,2.265000104904175,0
2021-10-14,2.265000104904175,2.265000104904175,2.265000104904175,2.265000104904175,2.265000104904175,0
2021-10-18,2.265000104904175,2.265000104904175,2.265000104904175,2.265000104904175,2.265000104904175,0
2021-10-19,2.265000104904175,2.265000104904175,2.265000104904175,2.265000104904175,2.265000104904175,0
2021-10-20,2.265000104904175,2.265000104904175,2.265000104904175,2.265000104904175,2.265000104904175,0
2021-10-21,2.265000104904175,2.265000104904175,2.265000104904175,2.265000104904175,2.265000104904175,0
2021-10-22,2.265000104904175,2.265000104904175,2.265000104904175,2.265000104904175,2.265000104904175,0
2021-10-25,2.265000104904175,2.265000104904175,2.265000104904175,2.265000104904175,2.265000104904175,0
2021-10-26,2.265000104904175,2.265000104904175,2.265000104904175,2.265000104904175,2.265000104904175,0
2021-10-27,2.265000104904175,2.265000104904175,2.265000104904175,2.265000104904175,2.265000104904175,0
2021-10-28,2.265000104904175,2.265000104904175,2.265000104904175,2.265000104904175,2.265000104904175,0
2021-10-29,2.265000104904175,2.265000104904175,2.265000104904175,2.265000104904175,2.265000104904175,0
2021-11-01,2.265000104904175,2.265000104904175,2.265000104904175,2.265000104904175,2.265000104904175,0
2021-11-02,2.265000104904175,2.265000104904175,2.265000104904175,2.265000104904175,2.265000104904175,0
2021-11-03,2.265000104904175,2.265000104904175,2.265000104904175,2.265000104904175,2.265000104904175,0
2021-11-04,2.265000104904175,2.265000104904175,2.265000104904175,2.265000104904175,2.265000104904175,0
2021-11-08,2.265000104904175,2.265000104904175,2.265000104904175,2.265000104904175,2.265000104904175,0
2021-11-09,2.265000104904175,2.265000104904175,2.265000104904175,2.265000104904175,2.265000104904175,0
2021-11-10,2.265000104904175,2.265000104904175,2.265000104904175,2.265000104904175,2.265000104904175,0
2021-11-11,2.265000104904175,2.265000104904175,2.265000104904175,2.265000104904175,2.265000104904175,0
2021-11-12,2.265000104904175,2.265000104904175,2.265000104904175,2.265000104904175,2.265000104904175,0
2021-11-15,2.265000104904175,2.265000104904175,2.265000104904175,2.265000104904175,2.265000104904175,0
2021-11-16,2.265000104904175,2.265000104904175,2.265000104904175,2.265000104904175,2.265000104904175,0
2021-11-17,2.265000104904175,2.265000104904175,2.265000104904175,2.265000104904175,2.265000104904175,0
2021-11-18,2.265000104904175,2.265000104904175,2.265000104904175,2.265000104904175,2.265000104904175,0
2021-11-22,2.265000104904175,2.265000104904175,2.265000104904175,2.265000104904175,2.265000104904175,0
2021-11-23,1.8799999952316284,1.9500000476837158,1.7699999809265137,1.9500000476837158,1.9500000476837158,838180
2021-11-24,1.9850000143051147,2.0450000762939453,1.9249999523162842,2.0450000762939453,2.0450000762939453,1083510
2021-11-25,2.134999990463257,2.134999990463257,1.9900000095367432,2.069999933242798,2.069999933242798,452640
2021-11-26,2.0899999141693115,2.0899999141693115,1.9700000286102295,1.9700000286102295,1.9700000286102295,972070
2021-11-29,1.934999942779541,1.9600000381469727,1.875,1.875,1.875,1071100
2021-11-30,1.7999999523162842,1.9550000429153442,1.7949999570846558,1.8350000381469727,1.8350000381469727,360040
2021-12-01,1.8350000381469727,1.8849999904632568,1.809999942779541,1.840000033378601,1.840000033378601,212240
2021-12-02,1.8650000095367432,1.9199999570846558,1.840000033378601,1.8899999856948853,1.8899999856948853,354040
2021-12-03,1.9450000524520874,1.9450000524520874,1.8600000143051147,1.8949999809265137,1.8949999809265137,764210
2021-12-06,1.8300000429153442,1.9249999523162842,1.8300000429153442,1.8350000381469727,1.8350000381469727,1431400
2021-12-07,1.875,1.9299999475479126,1.8350000381469727,1.9149999618530273,1.9149999618530273,1224300
2021-12-08,1.9450000524520874,1.975000023841858,1.899999976158142,1.9550000429153442,1.9550000429153442,273030
2021-12-09,1.9950000047683716,2.0999999046325684,1.840000033378601,2.0350000858306885,2.0350000858306885,2756290
2021-12-10,2.075000047683716,2.075000047683716,1.9149999618530273,1.9800000190734863,1.9800000190734863,371820
2021-12-13,2.075000047683716,2.075000047683716,1.9700000286102295,2.009999990463257,2.009999990463257,146470
2021-12-14,2.069999933242798,2.069999933242798,1.9199999570846558,2.015000104904175,2.015000104904175,259740
2021-12-15,2.059999942779541,2.059999942779541,1.9199999570846558,2.015000104904175,2.015000104904175,253940
2021-12-16,2.015000104904175,2.0399999618530273,1.975000023841858,2.0299999713897705,2.0299999713897705,304160
2021-12-17,2.065000057220459,2.065000057220459,1.9700000286102295,1.975000023841858,1.975000023841858,124520
2021-12-20,1.909999966621399,1.9600000381469727,1.8049999475479126,1.8300000429153442,1.8300000429153442,913940
2021-12-21,1.8350000381469727,1.9249999523162842,1.809999942779541,1.8849999904632568,1.8849999904632568,169390
2021-12-22,1.940000057220459,1.940000057220459,1.850000023841858,1.8700000047683716,1.8700000047683716,163370
2021-12-23,1.909999966621399,1.940000057220459,1.875,1.934999942779541,1.934999942779541,456600
2021-12-24,1.9800000190734863,1.9800000190734863,1.8450000286102295,1.9500000476837158,1.9500000476837158,793820
2021-12-27,1.9500000476837158,2.0,1.8799999952316284,1.9199999570846558,1.9199999570846558,10020790
2021-12-28,1.975000023841858,2.069999933242798,1.8799999952316284,1.9600000381469727,1.9600000381469727,5252390
2021-12-29,2.0,2.0399999618530273,1.934999942779541,2.009999990463257,2.009999990463257,8223690
2021-12-30,2.059999942779541,2.2100000381469727,2.059999942779541,2.2100000381469727,2.2100000381469727,3702110
2021-12-31,2.3949999809265137,2.430000066757202,2.305000066757202,2.430000066757202,2.430000066757202,10241690
2022-01-03,2.5450000762939453,2.6700000762939453,2.2100000381469727,2.4800000190734863,2.4800000190734863,15865740
2022-01-04,2.4800000190734863,2.549999952316284,2.359999895095825,2.359999895095825,2.359999895095825,3240500
2022-01-05,2.299999952316284,2.4749999046325684,2.244999885559082,2.4749999046325684,2.4749999046325684,8042480
2022-01-06,2.5399999618530273,2.5399999618530273,2.3550000190734863,2.3550000190734863,2.3550000190734863,6914170
2022-01-07,2.315000057220459,2.4000000953674316,2.315000057220459,2.3499999046325684,2.3499999046325684,1378780
2022-01-10,2.3499999046325684,2.4649999141693115,2.3499999046325684,2.4649999141693115,2.4649999141693115,2697380
2022-01-11,2.4649999141693115,2.549999952316284,2.4600000381469727,2.494999885559082,2.494999885559082,2249180
2022-01-12,2.5450000762939453,2.5450000762939453,2.4200000762939453,2.430000066757202,2.430000066757202,2644590
2022-01-13,2.4000000953674316,2.494999885559082,2.3550000190734863,2.4749999046325684,2.4749999046325684,1042310
2022-01-14,2.5,2.5950000286102295,2.434999942779541,2.5950000286102295,2.5950000286102295,7842610
2022-01-17,2.6449999809265137,2.700000047683716,2.5999999046325684,2.6500000953674316,2.6500000953674316,3271770
2022-01-18,2.7200000286102295,2.75,2.5450000762939453,2.559999942779541,2.559999942779541,1521280
2022-01-19,2.5,2.684999942779541,2.5,2.684999942779541,2.684999942779541,3171080
2022-01-20,2.694999933242798,2.7850000858306885,2.5999999046325684,2.759999990463257,2.759999990463257,8891450
2022-01-21,2.7750000953674316,2.8499999046325684,2.6549999713897705,2.684999942779541,2.684999942779541,1267090
2022-01-24,2.684999942779541,2.684999942779541,2.555000066757202,2.555000066757202,2.555000066757202,675520
2022-01-25,2.434999942779541,2.490000009536743,2.430000066757202,2.430000066757202,2.430000066757202,645140
2022-01-27,2.315000057220459,2.380000114440918,2.309999942779541,2.309999942779541,2.309999942779541,359100
2022-01-28,2.2200000286102295,2.424999952316284,2.2049999237060547,2.4200000762939453,2.4200000762939453,617010
2022-01-31,2.5250000953674316,2.5250000953674316,2.305000066757202,2.3949999809265137,2.3949999809265137,692370
2022-02-01,2.4200000762939453,2.4649999141693115,2.325000047683716,2.375,2.375,321260
2022-02-02,2.375,2.430000066757202,2.259999990463257,2.265000104904175,2.265000104904175,2365080
2022-02-03,2.2049999237060547,2.2899999618530273,2.2049999237060547,2.2799999713897705,2.2799999713897705,607030
2022-02-04,2.359999895095825,2.359999895095825,2.2200000286102295,2.325000047683716,2.325000047683716,797310
2022-02-07,2.380000114440918,2.380000114440918,2.2100000381469727,2.2899999618530273,2.2899999618530273,323900
2022-02-08,2.380000114440918,2.380000114440918,2.25,2.2699999809265137,2.2699999809265137,459930
2022-02-09,2.2249999046325684,2.309999942779541,2.1600000858306885,2.190000057220459,2.190000057220459,616320
2022-02-10,2.1600000858306885,2.240000009536743,2.130000114440918,2.184999942779541,2.184999942779541,354470
2022-02-11,2.1050000190734863,2.2899999618530273,2.1050000190734863,2.2799999713897705,2.2799999713897705,322160
2022-02-14,2.184999942779541,2.265000104904175,2.1700000762939453,2.1700000762939453,2.1700000762939453,563160
2022-02-15,2.200000047683716,2.200000047683716,2.0799999237060547,2.1050000190734863,2.1050000190734863,229520
2022-02-16,2.1050000190734863,2.200000047683716,2.0,2.0450000762939453,2.0450000762939453,764230
2022-02-17,2.0299999713897705,2.0999999046325684,1.9950000047683716,2.059999942779541,2.059999942779541,295950
2022-02-18,2.059999942779541,2.0899999141693115,2.0,2.075000047683716,2.075000047683716,124380
2022-02-21,2.075000047683716,2.0899999141693115,2.0199999809265137,2.0450000762939453,2.0450000762939453,341280
2022-02-22,2.0450000762939453,2.119999885559082,1.9500000476837158,2.049999952316284,2.049999952316284,266130
2022-02-23,2.125,2.125,1.9800000190734863,2.0899999141693115,2.0899999141693115,779850
2022-02-24,2.015000104904175,2.0899999141693115,1.9900000095367432,1.9900000095367432,1.9900000095367432,469880
2022-02-25,2.0,2.0799999237060547,1.899999976158142,1.9600000381469727,1.9600000381469727,996880
2022-02-28,2.0,2.055000066757202,1.9600000381469727,2.055000066757202,2.055000066757202,218580
2022-03-02,2.1549999713897705,2.1549999713897705,2.1549999713897705,2.1549999713897705,2.1549999713897705,1490100
2022-03-03,2.25,2.25,2.25,2.25,2.25,175310
2022-03-04,2.3499999046325684,2.3499999046325684,2.299999952316284,2.3499999046325684,2.3499999046325684,2031288
2022-03-07,2.450000047683716,2.450000047683716,2.4000000953674316,2.450000047683716,2.450000047683716,5949626
2022-03-08,2.549999952316284,2.549999952316284,2.3499999046325684,2.3499999046325684,2.3499999046325684,12324072
2022-03-09,2.25,2.299999952316284,2.25,2.25,2.25,2974847
2022-03-10,2.299999952316284,2.3499999046325684,2.25,2.299999952316284,2.299999952316284,2045795
2022-03-11,2.299999952316284,2.3499999046325684,2.200000047683716,2.200000047683716,2.200000047683716,2815968
2022-03-14,2.1500000953674316,2.200000047683716,2.0999999046325684,2.0999999046325684,2.0999999046325684,4762818
2022-03-15,2.049999952316284,2.049999952316284,2.0,2.0,2.0,15505627
2022-03-16,2.0,2.0999999046325684,1.899999976158142,2.0999999046325684,2.0999999046325684,20057512
2022-03-17,2.1500000953674316,2.200000047683716,2.0,2.0,2.0,7026402
2022-03-21,2.0,2.049999952316284,1.899999976158142,2.049999952316284,2.049999952316284,3331465
2022-03-22,2.049999952316284,2.0999999046325684,2.0,2.049999952316284,2.049999952316284,1698244
2022-03-23,2.0999999046325684,2.0999999046325684,2.0,2.0,2.0,1073056
2022-03-24,2.0,2.0999999046325684,1.9500000476837158,2.0999999046325684,2.0999999046325684,2722044
2022-03-25,2.200000047683716,2.200000047683716,2.200000047683716,2.200000047683716,2.200000047683716,1057234
2022-03-28,2.299999952316284,2.299999952316284,2.1500000953674316,2.299999952316284,2.299999952316284,19885016
2022-03-29,2.4000000953674316,2.4000000953674316,2.3499999046325684,2.4000000953674316,2.4000000953674316,17848730
2022-03-30,2.5,2.5,2.450000047683716,2.5,2.5,12997201
2022-03-31,2.5999999046325684,2.5999999046325684,2.5999999046325684,2.5999999046325684,2.5999999046325684,685273
2022-04-01,2.700000047683716,2.700000047683716,2.5,2.700000047683716,2.700000047683716,13240498
2022-04-04,2.799999952316284,2.799999952316284,2.700000047683716,2.799999952316284,2.799999952316284,3237692
2022-04-05,2.9000000953674316,2.9000000953674316,2.700000047683716,2.9000000953674316,2.9000000953674316,10177888
2022-04-06,2.950000047683716,3.0,2.8499999046325684,3.0,3.0,22626625
2022-04-07,3.1500000953674316,3.1500000953674316,2.8499999046325684,3.0,3.0,4666579
2022-04-08,3.0,3.0,2.8499999046325684,2.9000000953674316,2.9000000953674316,2955600
2022-04-11,2.950000047683716,3.0,2.8499999046325684,2.950000047683716,2.950000047683716,2447321
2022-04-12,2.9000000953674316,3.0,2.9000000953674316,2.950000047683716,2.950000047683716,1421927
2022-04-13,3.049999952316284,3.049999952316284,2.9000000953674316,3.049999952316284,3.049999952316284,1730692
2022-04-18,3.200000047683716,3.200000047683716,3.0999999046325684,3.200000047683716,3.200000047683716,9513249
2022-04-19,3.3499999046325684,3.3499999046325684,3.299999952316284,3.3499999046325684,3.3499999046325684,3373509
2022-04-20,3.5,3.5,3.450000047683716,3.5,3.5,10055440
2022-04-21,3.6500000953674316,3.6500000953674316,3.3499999046325684,3.549999952316284,3.549999952316284,9397207
2022-04-22,3.5,3.5,3.4000000953674316,3.4000000953674316,3.4000000953674316,1162687
2022-04-25,3.25,3.25,3.25,3.25,3.25,415603
2022-04-26,3.0999999046325684,3.0999999046325684,3.0999999046325684,3.0999999046325684,3.0999999046325684,412881
2022-04-27,2.950000047683716,2.950000047683716,2.950000047683716,2.950000047683716,2.950000047683716,435252
2022-04-28,2.8499999046325684,3.049999952316284,2.8499999046325684,3.049999952316284,3.049999952316284,5595129
2022-04-29,3.0999999046325684,3.0999999046325684,2.9000000953674316,2.9000000953674316,2.9000000953674316,1958679
2022-05-02,2.799999952316284,2.9000000953674316,2.799999952316284,2.799999952316284,2.799999952316284,1923478
2022-05-04,2.700000047683716,2.9000000953674316,2.700000047683716,2.700000047683716,2.700000047683716,1232846
2022-05-05,2.5999999046325684,2.799999952316284,2.5999999046325684,2.75,2.75,2645773
2022-05-06,2.6500000953674316,2.6500000953674316,2.6500000953674316,2.6500000953674316,2.6500000953674316,946492
2022-05-09,2.549999952316284,2.75,2.549999952316284,2.700000047683716,2.700000047683716,1083036
2022-05-10,2.75,2.799999952316284,2.5999999046325684,2.6500000953674316,2.6500000953674316,1028112
2022-05-11,2.75,2.75,2.549999952316284,2.5999999046325684,2.5999999046325684,1293458
2022-05-12,2.549999952316284,2.6500000953674316,2.5,2.6500000953674316,2.6500000953674316,1011463
2022-05-13,2.6500000953674316,2.6500000953674316,2.549999952316284,2.549999952316284,2.549999952316284,654548
2022-05-16,2.6500000953674316,2.6500000953674316,2.450000047683716,2.6500000953674316,2.6500000953674316,736781
2022-05-17,2.75,2.75,2.5999999046325684,2.6500000953674316,2.6500000953674316,573784
2022-05-18,2.75,2.75,2.549999952316284,2.5999999046325684,2.5999999046325684,682577
2022-05-19,2.5999999046325684,2.5999999046325684,2.5,2.549999952316284,2.549999952316284,297837
2022-05-20,2.5,2.6500000953674316,2.450000047683716,2.6500000953674316,2.6500000953674316,883892
2022-05-23,2.75,2.75,2.549999952316284,2.700000047683716,2.700000047683716,1101372
2022-05-24,2.700000047683716,2.75,2.5999999046325684,2.6500000953674316,2.6500000953674316,512854
2022-05-25,2.5999999046325684,2.700000047683716,2.549999952316284,2.6500000953674316,2.6500000953674316,6563531
2022-05-26,2.700000047683716,2.75,2.549999952316284,2.549999952316284,2.549999952316284,1370817
2022-05-27,2.5999999046325684,2.5999999046325684,2.450000047683716,2.450000047683716,2.450000047683716,1417178
2022-05-30,2.549999952316284,2.549999952316284,2.3499999046325684,2.3499999046325684,2.3499999046325684,841529
2022-05-31,2.4000000953674316,2.450000047683716,2.3499999046325684,2.450000047683716,2.450000047683716,767141
2022-06-01,2.549999952316284,2.549999952316284,2.5,2.549999952316284,2.549999952316284,1160620
2022-06-02,2.6500000953674316,2.6500000953674316,2.5999999046325684,2.6500000953674316,2.6500000953674316,3246678
2022-06-03,2.700000047683716,2.75,2.700000047683716,2.75,2.75,3025595
2022-06-06,2.8499999046325684,2.8499999046325684,2.799999952316284,2.8499999046325684,2.8499999046325684,3726484
2022-06-07,2.8499999046325684,2.950000047683716,2.75,2.950000047683716,2.950000047683716,3508596
2022-06-08,3.049999952316284,3.049999952316284,3.0,3.049999952316284,3.049999952316284,6873818
2022-06-09,3.0999999046325684,3.1500000953674316,3.0,3.0,3.0,2818095
2022-06-10,3.0,3.049999952316284,2.8499999046325684,3.0,3.0,1567841
2022-06-13,2.9000000953674316,2.950000047683716,2.8499999046325684,2.8499999046325684,2.8499999046325684,1326816
2022-06-14,2.8499999046325684,2.9000000953674316,2.75,2.8499999046325684,2.8499999046325684,269371
2022-06-15,2.9000000953674316,2.950000047683716,2.799999952316284,2.9000000953674316,2.9000000953674316,2420430
2022-06-16,2.9000000953674316,2.9000000953674316,2.799999952316284,2.799999952316284,2.799999952316284,783442
2022-06-17,2.8499999046325684,2.8499999046325684,2.700000047683716,2.700000047683716,2.700000047683716,533473
2022-06-20,2.799999952316284,2.799999952316284,2.6500000953674316,2.700000047683716,2.700000047683716,1167230
2022-06-21,2.799999952316284,2.799999952316284,2.700000047683716,2.75,2.75,3090248
2022-06-22,2.799999952316284,2.799999952316284,2.6500000953674316,2.6500000953674316,2.6500000953674316,3586671
2022-06-23,2.549999952316284,2.6500000953674316,2.549999952316284,2.6500000953674316,2.6500000953674316,7499763
2022-06-24,2.6500000953674316,2.6500000953674316,2.549999952316284,2.549999952316284,2.549999952316284,794620
2022-06-27,2.6500000953674316,2.6500000953674316,2.450000047683716,2.6500000953674316,2.6500000953674316,2751404
2022-06-28,2.5999999046325684,2.75,2.5999999046325684,2.75,2.75,1236724
2022-06-29,2.799999952316284,2.8499999046325684,2.700000047683716,2.8499999046325684,2.8499999046325684,1036079
2022-06-30,2.950000047683716,2.950000047683716,2.8499999046325684,2.950000047683716,2.950000047683716,1121862
2022-07-01,2.950000047683716,3.049999952316284,2.8499999046325684,2.8499999046325684,2.8499999046325684,1720356
2022-07-04,2.9000000953674316,2.950000047683716,2.8499999046325684,2.950000047683716,2.950000047683716,1022347
2022-07-05,2.950000047683716,3.0,2.8499999046325684,2.8499999046325684,2.8499999046325684,600472
2022-07-06,2.8499999046325684,2.9000000953674316,2.75,2.75,2.75,467555
2022-07-07,2.799999952316284,2.8499999046325684,2.700000047683716,2.799999952316284,2.799999952316284,2496880
2022-07-08,2.75,2.799999952316284,2.700000047683716,2.700000047683716,2.700000047683716,627774
2022-07-11,2.75,2.799999952316284,2.700000047683716,2.75,2.75,1011332
2022-07-12,2.799999952316284,2.799999952316284,2.700000047683716,2.75,2.75,8162161
2022-07-13,2.75,2.799999952316284,2.6500000953674316,2.6500000953674316,2.6500000953674316,688689
2022-07-14,2.5999999046325684,2.75,2.549999952316284,2.5999999046325684,2.5999999046325684,1057661
2022-07-15,2.6500000953674316,2.700000047683716,2.5,2.549999952316284,2.549999952316284,552000
2022-07-18,2.549999952316284,2.6500000953674316,2.549999952316284,2.6500000953674316,2.6500000953674316,520775
2022-07-19,2.700000047683716,2.75,2.700000047683716,2.75,2.75,1076047
2022-07-20,2.8499999046325684,2.8499999046325684,2.6500000953674316,2.6500000953674316,2.6500000953674316,3050454
2022-07-21,2.6500000953674316,2.6500000953674316,2.549999952316284,2.549999952316284,2.549999952316284,1233346
2022-07-22,2.5,2.5999999046325684,2.450000047683716,2.5,2.5,653243
2022-07-25,2.549999952316284,2.549999952316284,2.4000000953674316,2.450000047683716,2.450000047683716,531092
2022-07-26,2.4000000953674316,2.450000047683716,2.3499999046325684,2.3499999046325684,2.3499999046325684,1094644
2022-07-27,2.299999952316284,2.3499999046325684,2.25,2.25,2.25,1256573
2022-07-28,2.299999952316284,2.299999952316284,2.1500000953674316,2.1500000953674316,2.1500000953674316,1092878
2022-07-29,2.0999999046325684,2.25,2.0999999046325684,2.25,2.25,1337443
2022-08-01,2.299999952316284,2.3499999046325684,2.200000047683716,2.25,2.25,739400
2022-08-02,2.200000047683716,2.25,2.1500000953674316,2.1500000953674316,2.1500000953674316,878731
2022-08-03,2.200000047683716,2.200000047683716,2.0999999046325684,2.1500000953674316,2.1500000953674316,701750
2022-08-04,2.1500000953674316,2.200000047683716,2.049999952316284,2.1500000953674316,2.1500000953674316,1224433
2022-08-05,2.0999999046325684,2.200000047683716,2.049999952316284,2.0999999046325684,2.0999999046325684,1011487
2022-08-08,2.0999999046325684,2.200000047683716,2.049999952316284,2.200000047683716,2.200000047683716,1836199
2022-08-10,2.25,2.299999952316284,2.200000047683716,2.299999952316284,2.299999952316284,1317157
2022-08-11,2.3499999046325684,2.4000000953674316,2.299999952316284,2.4000000953674316,2.4000000953674316,767664
2022-08-12,2.4000000953674316,2.4000000953674316,2.299999952316284,2.299999952316284,2.299999952316284,842741
2022-08-16,2.25,2.25,2.200000047683716,2.200000047683716,2.200000047683716,751919
2022-08-17,2.0999999046325684,2.1500000953674316,2.0999999046325684,2.0999999046325684,2.0999999046325684,1090102
2022-08-18,2.0999999046325684,2.200000047683716,2.049999952316284,2.200000047683716,2.200000047683716,386927
2022-08-19,2.25,2.299999952316284,2.1500000953674316,2.200000047683716,2.200000047683716,379911
2022-08-22,2.200000047683716,2.200000047683716,2.0999999046325684,2.0999999046325684,2.0999999046325684,601102
2022-08-23,2.0999999046325684,2.1500000953674316,2.0999999046325684,2.0999999046325684,2.0999999046325684,217623
2022-08-24,2.1500000953674316,2.1500000953674316,2.0999999046325684,2.1500000953674316,2.1500000953674316,282929
2022-08-25,2.1500000953674316,2.1500000953674316,2.0999999046325684,2.1500000953674316,2.1500000953674316,274866
2022-08-26,2.1500000953674316,2.1500000953674316,2.0999999046325684,2.0999999046325684,2.0999999046325684,860359
2022-08-29,2.0999999046325684,2.0999999046325684,2.0,2.049999952316284,2.049999952316284,238318
2022-08-30,2.0999999046325684,2.1500000953674316,2.049999952316284,2.0999999046325684,2.0999999046325684,427329
2022-09-01,2.0999999046325684,2.1500000953674316,2.049999952316284,2.049999952316284,2.049999952316284,732952
2022-09-02,2.049999952316284,2.1500000953674316,2.0,2.0999999046325684,2.0999999046325684,1233830
2022-09-05,2.0999999046325684,2.200000047683716,2.0999999046325684,2.1500000953674316,2.1500000953674316,442335
2022-09-06,2.1500000953674316,2.1500000953674316,2.049999952316284,2.0999999046325684,2.0999999046325684,550514
2022-09-07,2.049999952316284,2.1500000953674316,2.049999952316284,2.0999999046325684,2.0999999046325684,495294
2022-09-08,2.1500000953674316,2.200000047683716,2.0999999046325684,2.200000047683716,2.200000047683716,947122
2022-09-09,2.200000047683716,2.299999952316284,2.1500000953674316,2.299999952316284,2.299999952316284,807328
2022-09-12,2.299999952316284,2.299999952316284,2.25,2.25,2.25,671057
2022-09-13,2.299999952316284,2.299999952316284,2.1500000953674316,2.1500000953674316,2.1500000953674316,1303086
2022-09-14,2.049999952316284,2.1500000953674316,2.049999952316284,2.0999999046325684,2.0999999046325684,500821
2022-09-15,2.1500000953674316,2.1500000953674316,2.0,2.049999952316284,2.049999952316284,1972052
2022-09-16,2.0,2.0999999046325684,2.0,2.049999952316284,2.049999952316284,437877
2022-09-19,2.049999952316284,2.1500000953674316,2.0,2.049999952316284,2.049999952316284,1446292
2022-09-20,2.0999999046325684,2.0999999046325684,2.0,2.049999952316284,2.049999952316284,570313
2022-09-21,2.049999952316284,2.0999999046325684,2.0,2.049999952316284,2.049999952316284,665386
2022-09-22,2.049999952316284,2.049999952316284,1.9500000476837158,1.9500000476837158,1.9500000476837158,1126183
2022-09-23,2.0,2.0,1.899999976158142,1.9500000476837158,1.9500000476837158,422697
2022-09-26,1.9500000476837158,1.9500000476837158,1.899999976158142,1.899999976158142,1.899999976158142,762518
2022-09-27,1.899999976158142,1.899999976158142,1.850000023841858,1.850000023841858,1.850000023841858,636666
2022-09-28,1.7999999523162842,1.899999976158142,1.7999999523162842,1.899999976158142,1.899999976158142,670493
2022-09-29,1.9500000476837158,1.9500000476837158,1.899999976158142,1.9500000476837158,1.9500000476837158,229126
2022-09-30,2.0,2.0,1.899999976158142,1.899999976158142,1.899999976158142,1032553
2022-10-03,1.899999976158142,1.9500000476837158,1.850000023841858,1.899999976158142,1.899999976158142,364199
2022-10-04,1.899999976158142,1.9500000476837158,1.850000023841858,1.850000023841858,1.850000023841858,1246668
2022-10-06,1.7999999523162842,1.850000023841858,1.7999999523162842,1.7999999523162842,1.7999999523162842,1459034
2022-10-07,1.75,1.850000023841858,1.75,1.850000023841858,1.850000023841858,1544403
2022-10-10,1.7999999523162842,1.850000023841858,1.7999999523162842,1.7999999523162842,1.7999999523162842,425996
2022-10-11,1.7999999523162842,1.850000023841858,1.7999999523162842,1.7999999523162842,1.7999999523162842,462057
2022-10-12,1.7999999523162842,1.850000023841858,1.75,1.75,1.75,331041
2022-10-13,1.7999999523162842,1.7999999523162842,1.7000000476837158,1.7999999523162842,1.7999999523162842,302373
2022-10-14,1.850000023841858,1.850000023841858,1.75,1.75,1.75,6994012
2022-10-17,1.7000000476837158,1.75,1.7000000476837158,1.7000000476837158,1.7000000476837158,598025
2022-10-18,1.7000000476837158,1.75,1.649999976158142,1.7000000476837158,1.7000000476837158,326397
2022-10-19,1.649999976158142,1.75,1.649999976158142,1.75,1.75,7481410
2022-10-20,1.7999999523162842,1.7999999523162842,1.75,1.7999999523162842,1.7999999523162842,2776242
2022-10-21,1.850000023841858,1.850000023841858,1.75,1.7999999523162842,1.7999999523162842,395369
2022-10-24,1.850000023841858,1.850000023841858,1.7999999523162842,1.850000023841858,1.850000023841858,590564
2022-10-25,1.850000023841858,1.899999976158142,1.7999999523162842,1.7999999523162842,1.7999999523162842,844094
2022-10-27,1.7999999523162842,1.7999999523162842,1.75,1.75,1.75,414706
2022-10-28,1.7000000476837158,1.75,1.7000000476837158,1.75,1.75,360964
2022-10-31,1.75,1.75,1.7000000476837158,1.7000000476837158,1.7000000476837158,3803942
2022-11-01,1.649999976158142,1.7000000476837158,1.649999976158142,1.649999976158142,1.649999976158142,1732870
2022-11-02,1.649999976158142,1.649999976158142,1.600000023841858,1.600000023841858,1.600000023841858,1671053
2022-11-03,1.600000023841858,1.649999976158142,1.5499999523162842,1.600000023841858,1.600000023841858,5422245
2022-11-04,1.600000023841858,1.649999976158142,1.600000023841858,1.649999976158142,1.649999976158142,687064
2022-11-07,1.649999976158142,1.649999976158142,1.600000023841858,1.600000023841858,1.600000023841858,1095456
2022-11-09,1.649999976158142,1.649999976158142,1.5499999523162842,1.600000023841858,1.600000023841858,657483
2022-11-10,1.600000023841858,1.600000023841858,1.5499999523162842,1.600000023841858,1.600000023841858,412862
2022-11-11,1.600000023841858,1.600000023841858,1.5499999523162842,1.600000023841858,1.600000023841858,250762
2022-11-14,1.5499999523162842,1.600000023841858,1.5499999523162842,1.600000023841858,1.600000023841858,412069
2022-11-15,1.5499999523162842,1.600000023841858,1.5499999523162842,1.5499999523162842,1.5499999523162842,1320596
2022-11-16,1.5,1.5,1.5,1.5,1.5,618429
2022-11-17,1.4500000476837158,1.4500000476837158,1.4500000476837158,1.4500000476837158,1.4500000476837158,612818
2022-11-18,1.399999976158142,1.5,1.399999976158142,1.5,1.5,871347
2022-11-21,1.5499999523162842,1.5499999523162842,1.4500000476837158,1.5,1.5,678635
2022-11-22,1.4500000476837158,1.5,1.4500000476837158,1.4500000476837158,1.4500000476837158,323731
2022-11-23,1.4500000476837158,1.4500000476837158,1.399999976158142,1.399999976158142,1.399999976158142,670387
2022-11-24,1.350000023841858,1.399999976158142,1.350000023841858,1.350000023841858,1.350000023841858,1283690
2022-11-25,1.399999976158142,1.399999976158142,1.2999999523162842,1.399999976158142,1.399999976158142,520142
2022-11-28,1.399999976158142,1.399999976158142,1.350000023841858,1.399999976158142,1.399999976158142,325763
2022-11-29,1.399999976158142,1.4500000476837158,1.350000023841858,1.399999976158142,1.399999976158142,387104
2022-11-30,1.4500000476837158,1.4500000476837158,1.350000023841858,1.399999976158142,1.399999976158142,807807
2022-12-01,1.4500000476837158,1.4500000476837158,1.399999976158142,1.4500000476837158,1.4500000476837158,157637
2022-12-02,1.4500000476837158,1.4500000476837158,1.399999976158142,1.4500000476837158,1.4500000476837158,411832
2022-12-05,1.4500000476837158,1.5,1.399999976158142,1.5,1.5,299126
2022-12-06,1.5499999523162842,1.5499999523162842,1.4500000476837158,1.4500000476837158,1.4500000476837158,1705688
2022-12-07,1.399999976158142,1.399999976158142,1.350000023841858,1.350000023841858,1.350000023841858,4901130
2022-12-08,1.350000023841858,1.399999976158142,1.2999999523162842,1.350000023841858,1.350000023841858,1394725
2022-12-09,1.399999976158142,1.399999976158142,1.2999999523162842,1.350000023841858,1.350000023841858,573463
2022-12-12,1.350000023841858,1.399999976158142,1.2999999523162842,1.350000023841858,1.350000023841858,624387
2022-12-13,1.350000023841858,1.399999976158142,1.2999999523162842,1.350000023841858,1.350000023841858,669951
2022-12-14,1.399999976158142,1.399999976158142,1.2999999523162842,1.350000023841858,1.350000023841858,1096292
2022-12-15,1.350000023841858,1.399999976158142,1.25,1.25,1.25,3732634
2022-12-16,1.25,1.2999999523162842,1.2000000476837158,1.25,1.25,1640471
2022-12-19,1.2999999523162842,1.2999999523162842,1.2000000476837158,1.25,1.25,974683
2022-12-20,1.25,1.25,1.2000000476837158,1.25,1.25,273056
2022-12-21,1.25,1.2999999523162842,1.149999976158142,1.2000000476837158,1.2000000476837158,2734145
2022-12-22,1.2000000476837158,1.25,1.149999976158142,1.2000000476837158,1.2000000476837158,715745
2022-12-23,1.149999976158142,1.2000000476837158,1.100000023841858,1.100000023841858,1.100000023841858,1112902
2022-12-26,1.100000023841858,1.2000000476837158,1.100000023841858,1.2000000476837158,1.2000000476837158,871563
2022-12-27,1.2000000476837158,1.2000000476837158,1.149999976158142,1.2000000476837158,1.2000000476837158,289018
2022-12-28,1.2000000476837158,1.25,1.149999976158142,1.2000000476837158,1.2000000476837158,408333
2022-12-29,1.2000000476837158,1.25,1.149999976158142,1.2000000476837158,1.2000000476837158,406073
2022-12-30,1.2000000476837158,1.25,1.149999976158142,1.25,1.25,598327
2023-01-02,1.25,1.25,1.2000000476837158,1.25,1.25,643350
2023-01-03,1.2999999523162842,1.2999999523162842,1.2000000476837158,1.25,1.25,391449
2023-01-04,1.25,1.2999999523162842,1.25,1.2999999523162842,1.2999999523162842,756567
2023-01-05,1.2999999523162842,1.2999999523162842,1.2000000476837158,1.25,1.25,763606
2023-01-06,1.2999999523162842,1.2999999523162842,1.25,1.25,1.25,317359
2023-01-09,1.2999999523162842,1.2999999523162842,1.2000000476837158,1.2999999523162842,1.2999999523162842,668900
2023-01-10,1.2999999523162842,1.2999999523162842,1.2000000476837158,1.2999999523162842,1.2999999523162842,301984
2023-01-11,1.25,1.2999999523162842,1.2000000476837158,1.25,1.25,431566
2023-01-12,1.25,1.2999999523162842,1.2000000476837158,1.25,1.25,116345
2023-01-13,1.25,1.2999999523162842,1.2000000476837158,1.25,1.25,474634
2023-01-16,1.25,1.25,1.2000000476837158,1.2000000476837158,1.2000000476837158,454584
2023-01-17,1.2000000476837158,1.25,1.149999976158142,1.2000000476837158,1.2000000476837158,503407
2023-01-18,1.2000000476837158,1.25,1.2000000476837158,1.2000000476837158,1.2000000476837158,143124
2023-01-19,1.2000000476837158,1.25,1.149999976158142,1.25,1.25,249625
2023-01-20,1.25,1.25,1.2000000476837158,1.25,1.25,219320
2023-01-23,1.25,1.25,1.2000000476837158,1.25,1.25,211870
2023-01-24,1.25,1.25,1.149999976158142,1.2000000476837158,1.2000000476837158,597607
2023-01-25,1.149999976158142,1.25,1.149999976158142,1.2000000476837158,1.2000000476837158,284819
2023-01-27,1.2000000476837158,1.25,1.100000023841858,1.100000023841858,1.100000023841858,839234
2023-01-30,1.149999976158142,1.149999976158142,1.100000023841858,1.149999976158142,1.149999976158142,221375
2023-01-31,1.2000000476837158,1.2000000476837158,1.100000023841858,1.149999976158142,1.149999976158142,270092
2023-02-01,1.2000000476837158,1.2000000476837158,1.149999976158142,1.149999976158142,1.149999976158142,452676
2023-02-02,1.149999976158142,1.2000000476837158,1.149999976158142,1.149999976158142,1.149999976158142,201925
2023-02-03,1.149999976158142,1.2000000476837158,1.149999976158142,1.149999976158142,1.149999976158142,196689
2023-02-06,1.2000000476837158,1.2000000476837158,1.149999976158142,1.2000000476837158,1.2000000476837158,296349
2023-02-07,1.2000000476837158,1.2000000476837158,1.149999976158142,1.149999976158142,1.149999976158142,335278
2023-02-08,1.2000000476837158,1.2000000476837158,1.100000023841858,1.149999976158142,1.149999976158142,328017
2023-02-09,1.149999976158142,1.149999976158142,1.0,1.149999976158142,1.149999976158142,2195352
2023-02-10,1.149999976158142,1.149999976158142,1.100000023841858,1.149999976158142,1.149999976158142,160311
2023-02-13,1.149999976158142,1.149999976158142,1.100000023841858,1.100000023841858,1.100000023841858,232688
2023-02-14,1.100000023841858,1.149999976158142,1.0499999523162842,1.100000023841858,1.100000023841858,249306
2023-02-15,1.100000023841858,1.149999976158142,1.0499999523162842,1.100000023841858,1.100000023841858,383039
2023-02-16,1.0499999523162842,1.149999976158142,1.0499999523162842,1.100000023841858,1.100000023841858,962393
2023-02-17,1.0499999523162842,1.149999976158142,1.0499999523162842,1.100000023841858,1.100000023841858,359623
2023-02-20,1.100000023841858,1.100000023841858,1.0499999523162842,1.0499999523162842,1.0499999523162842,158658
2023-02-21,1.0499999523162842,1.100000023841858,1.0,1.0499999523162842,1.0499999523162842,657217
2023-02-22,1.0499999523162842,1.0499999523162842,1.0,1.0,1.0,386162
2023-02-23,1.0,1.0499999523162842,1.0,1.0499999523162842,1.0499999523162842,309489
2023-02-24,1.0499999523162842,1.0499999523162842,0.949999988079071,1.0,1.0,819133
2023-02-27,1.0,1.0,0.949999988079071,1.0,1.0,280120
2023-02-28,1.0,1.0,0.949999988079071,1.0,1.0,374985
2023-03-01,1.0,1.0,0.949999988079071,1.0,1.0,238136
2023-03-02,1.0,1.0,0.949999988079071,1.0,1.0,584934
2023-03-03,1.0,1.0,0.949999988079071,1.0,1.0,357658
2023-03-06,1.0,1.0,0.949999988079071,0.949999988079071,0.949999988079071,268985
2023-03-08,0.949999988079071,1.0,0.8999999761581421,1.0,1.0,1362174
2023-03-09,1.0,1.0,0.8999999761581421,1.0,1.0,1113962
2023-03-10,1.0,1.0,0.949999988079071,1.0,1.0,172903
2023-03-13,1.0,1.0,0.8999999761581421,0.8999999761581421,0.8999999761581421,545469
2023-03-14,0.949999988079071,0.949999988079071,0.8999999761581421,0.949999988079071,0.949999988079071,233842
2023-03-15,0.949999988079071,0.949999988079071,0.8999999761581421,0.949999988079071,0.949999988079071,765153
2023-03-16,1.0,1.0,0.8999999761581421,0.949999988079071,0.949999988079071,154684
2023-03-17,0.949999988079071,0.949999988079071,0.8500000238418579,0.8999999761581421,0.8999999761581421,683943
2023-03-20,0.949999988079071,0.949999988079071,0.8500000238418579,0.8500000238418579,0.8500000238418579,503289
2023-03-21,0.8500000238418579,0.8999999761581421,0.800000011920929,0.8500000238418579,0.8500000238418579,693541
2023-03-22,0.800000011920929,0.8500000238418579,0.75,0.8500000238418579,0.8500000238418579,718572
2023-03-23,0.800000011920929,0.8500000238418579,0.800000011920929,0.800000011920929,0.800000011920929,398256
2023-03-24,0.800000011920929,0.800000011920929,0.75,0.800000011920929,0.800000011920929,196170
2023-03-27,0.800000011920929,0.800000011920929,0.699999988079071,0.75,0.75,907047
2023-03-28,0.75,0.75,0.6499999761581421,0.6499999761581421,0.6499999761581421,854683
2023-03-29,0.699999988079071,0.699999988079071,0.6000000238418579,0.6000000238418579,0.6000000238418579,845682
2023-03-31,0.6499999761581421,0.6499999761581421,0.6000000238418579,0.6499999761581421,0.6499999761581421,466611
2023-04-03,0.699999988079071,0.699999988079071,0.699999988079071,0.699999988079071,0.699999988079071,329970
2023-04-05,0.75,0.75,0.75,0.75,0.75,345381
2023-04-06,0.800000011920929,0.800000011920929,0.75,0.800000011920929,0.800000011920929,336875
2023-04-10,0.8500000238418579,0.8500000238418579,0.8500000238418579,0.8500000238418579,0.8500000238418579,123846
2023-04-11,0.8999999761581421,0.8999999761581421,0.8999999761581421,0.8999999761581421,0.8999999761581421,91840
2023-04-12,0.949999988079071,0.949999988079071,0.949999988079071,0.949999988079071,0.949999988079071,80732
2023-04-13,1.0,1.0,1.0,1.0,1.0,209612
2023-04-17,1.0499999523162842,1.0499999523162842,0.949999988079071,1.0499999523162842,1.0499999523162842,2477106
2023-04-18,1.0499999523162842,1.0499999523162842,1.0,1.0,1.0,726169
2023-04-19,0.949999988079071,1.0,0.949999988079071,0.949999988079071,0.949999988079071,441782
2023-04-20,0.949999988079071,1.0,0.8999999761581421,0.949999988079071,0.949999988079071,460364
2023-04-21,1.0,1.0,0.8999999761581421,0.949999988079071,0.949999988079071,111813
2023-04-24,0.949999988079071,0.949999988079071,0.8999999761581421,0.8999999761581421,0.8999999761581421,263006
2023-04-25,0.8500000238418579,0.949999988079071,0.8500000238418579,0.8999999761581421,0.8999999761581421,224437
2023-04-26,0.8999999761581421,0.949999988079071,0.8500000238418579,0.949999988079071,0.949999988079071,198343
2023-04-27,0.949999988079071,0.949999988079071,0.8999999761581421,0.949999988079071,0.949999988079071,130721
2023-04-28,0.949999988079071,0.949999988079071,0.8999999761581421,0.8999999761581421,0.8999999761581421,187630
2023-05-02,0.8999999761581421,0.949999988079071,0.8500000238418579,0.8999999761581421,0.8999999761581421,179415
2023-05-03,0.949999988079071,0.949999988079071,0.8500000238418579,0.8999999761581421,0.8999999761581421,158894
2023-05-04,0.949999988079071,0.949999988079071,0.8500000238418579,0.8500000238418579,0.8500000238418579,634043
2023-05-05,0.8500000238418579,0.8999999761581421,0.800000011920929,0.800000011920929,0.800000011920929,676435
2023-05-08,0.800000011920929,0.8500000238418579,0.75,0.800000011920929,0.800000011920929,767558
2023-05-09,0.8500000238418579,0.8500000238418579,0.75,0.8500000238418579,0.8500000238418579,141301
2023-05-10,0.8500000238418579,0.8500000238418579,0.800000011920929,0.800000011920929,0.800000011920929,143830
2023-05-11,0.8500000238418579,0.8500000238418579,0.75,0.8500000238418579,0.8500000238418579,303552
2023-05-12,0.8500000238418579,0.8500000238418579,0.800000011920929,0.800000011920929,0.800000011920929,323236
2023-05-15,0.8500000238418579,0.8500000238418579,0.75,0.8500000238418579,0.8500000238418579,380310
2023-05-16,0.8500000238418579,0.8500000238418579,0.800000011920929,0.800000011920929,0.800000011920929,465172
2023-05-17,0.800000011920929,0.800000011920929,0.800000011920929,0.800000011920929,0.800000011920929,0
2023-05-18,0.800000011920929,0.800000011920929,0.800000011920929,0.800000011920929,0.800000011920929,0
2023-05-19,0.800000011920929,0.800000011920929,0.800000011920929,0.800000011920929,0.800000011920929,0
2023-05-22,0.75,0.75,0.75,0.75,0.75,321202
2023-05-23,0.75,0.75,0.75,0.75,0.75,0
2023-05-24,0.75,0.75,0.75,0.75,0.75,0
2023-05-25,0.75,0.75,0.75,0.75,0.75,0
2023-05-26,0.75,0.75,0.75,0.75,0.75,0
2023-05-29,0.699999988079071,0.699999988079071,0.699999988079071,0.699999988079071,0.699999988079071,451178
2023-05-30,0.699999988079071,0.699999988079071,0.699999988079071,0.699999988079071,0.699999988079071,0
2023-05-31,0.699999988079071,0.699999988079071,0.699999988079071,0.699999988079071,0.699999988079071,0
2023-06-01,0.699999988079071,0.699999988079071,0.699999988079071,0.699999988079071,0.699999988079071,0
2023-06-02,0.699999988079071,0.699999988079071,0.699999988079071,0.699999988079071,0.699999988079071,0
2023-06-05,0.6499999761581421,0.6499999761581421,0.6499999761581421,0.6499999761581421,0.6499999761581421,742988
2023-06-06,0.6499999761581421,0.6499999761581421,0.6499999761581421,0.6499999761581421,0.6499999761581421,0
2023-06-07,0.6499999761581421,0.6499999761581421,0.6499999761581421,0.6499999761581421,0.6499999761581421,0
2023-06-08,0.6499999761581421,0.6499999761581421,0.6499999761581421,0.6499999761581421,0.6499999761581421,0
2023-06-09,0.6499999761581421,0.6499999761581421,0.6499999761581421,0.6499999761581421,0.6499999761581421,0
2023-06-12,0.6000000238418579,0.6000000238418579,0.6000000238418579,0.6000000238418579,0.6000000238418579,1853201
2023-06-13,0.6000000238418579,0.6000000238418579,0.6000000238418579,0.6000000238418579,0.6000000238418579,0
2023-06-14,0.6000000238418579,0.6000000238418579,0.6000000238418579,0.6000000238418579,0.6000000238418579,0
2023-06-15,0.6000000238418579,0.6000000238418579,0.6000000238418579,0.6000000238418579,0.6000000238418579,0
2023-06-16,0.6000000238418579,0.6000000238418579,0.6000000238418579,0.6000000238418579,0.6000000238418579,0
2023-06-19,0.550000011920929,0.6499999761581421,0.550000011920929,0.550000011920929,0.550000011920929,2704953
2023-06-20,0.550000011920929,0.6000000238418579,0.550000011920929,0.6000000238418579,0.6000000238418579,828521
2023-06-21,0.6499999761581421,0.6499999761581421,0.6000000238418579,0.6499999761581421,0.6499999761581421,1159134
2023-06-22,0.699999988079071,0.699999988079071,0.6499999761581421,0.699999988079071,0.699999988079071,1125915
2023-06-23,0.75,0.75,0.699999988079071,0.75,0.75,1960787
2023-06-26,0.75,0.75,0.75,0.75,0.75,0
2023-06-27,0.75,0.75,0.75,0.75,0.75,0
2023-06-28,0.75,0.75,0.75,0.75,0.75,0
2023-06-30,0.75,0.75,0.75,0.75,0.75,0
2023-07-03,0.699999988079071,0.699999988079071,0.699999988079071,0.699999988079071,0.699999988079071,226060
2023-07-04,0.699999988079071,0.699999988079071,0.699999988079071,0.699999988079071,0.699999988079071,0
2023-07-05,0.699999988079071,0.699999988079071,0.699999988079071,0.699999988079071,0.699999988079071,0
2023-07-06,0.699999988079071,0.699999988079071,0.699999988079071,0.699999988079071,0.699999988079071,0
2023-07-07,0.699999988079071,0.699999988079071,0.699999988079071,0.699999988079071,0.699999988079071,0
2023-07-10,0.6499999761581421,0.6499999761581421,0.6499999761581421,0.6499999761581421,0.6499999761581421,135382
2023-07-11,0.6499999761581421,0.6499999761581421,0.6499999761581421,0.6499999761581421,0.6499999761581421,0
2023-07-12,0.6499999761581421,0.6499999761581421,0.6499999761581421,0.6499999761581421,0.6499999761581421,0
2023-07-13,0.6499999761581421,0.6499999761581421,0.6499999761581421,0.6499999761581421,0.6499999761581421,0
2023-07-14,0.6499999761581421,0.6499999761581421,0.6499999761581421,0.6499999761581421,0.6499999761581421,0
2023-07-17,0.6000000238418579,0.6000000238418579,0.6000000238418579,0.6000000238418579,0.6000000238418579,147929
2023-07-18,0.6000000238418579,0.6000000238418579,0.6000000238418579,0.6000000238418579,0.6000000238418579,0
2023-07-19,0.6000000238418579,0.6000000238418579,0.6000000238418579,0.6000000238418579,0.6000000238418579,0
2023-07-20,0.6000000238418579,0.6000000238418579,0.6000000238418579,0.6000000238418579,0.6000000238418579,0
2023-07-21,0.6000000238418579,0.6000000238418579,0.6000000238418579,0.6000000238418579,0.6000000238418579,0
2023-07-24,0.550000011920929,0.550000011920929,0.550000011920929,0.550000011920929,0.550000011920929,1262481
2023-07-25,0.550000011920929,0.550000011920929,0.5,0.550000011920929,0.550000011920929,791036
2023-07-26,0.5,0.6000000238418579,0.5,0.5,0.5,225621
2023-07-27,0.550000011920929,0.550000011920929,0.5,0.550000011920929,0.550000011920929,243347
2023-07-28,0.5,0.550000011920929,0.5,0.5,0.5,121758
2023-07-31,0.550000011920929,0.550000011920929,0.5,0.550000011920929,0.550000011920929,987174
2023-08-01,0.6000000238418579,0.6000000238418579,0.6000000238418579,0.6000000238418579,0.6000000238418579,196780
2023-08-02,0.6499999761581421,0.6499999761581421,0.6000000238418579,0.6499999761581421,0.6499999761581421,634704
2023-08-03,0.699999988079071,0.699999988079071,0.6499999761581421,0.699999988079071,0.699999988079071,709223
2023-08-04,0.75,0.75,0.699999988079071,0.75,0.75,848280
2023-08-07,0.800000011920929,0.800000011920929,0.75,0.800000011920929,0.800000011920929,1054648
2023-08-08,0.8500000238418579,0.8500000238418579,0.8500000238418579,0.8500000238418579,0.8500000238418579,591021
2023-08-09,0.800000011920929,0.800000011920929,0.800000011920929,0.800000011920929,0.800000011920929,302336
2023-08-10,0.75,0.75,0.75,0.75,0.75,157260
2023-08-11,0.699999988079071,0.699999988079071,0.699999988079071,0.699999988079071,0.699999988079071,97026
2023-08-14,0.6499999761581421,0.6499999761581421,0.6499999761581421,0.6499999761581421,0.6499999761581421,221123
2023-08-16,0.6499999761581421,0.6499999761581421,0.6499999761581421,0.6499999761581421,0.6499999761581421,264994
2023-08-17,0.699999988079071,0.699999988079071,0.699999988079071,0.699999988079071,0.699999988079071,112405
2023-08-18,0.699999988079071,0.699999988079071,0.6499999761581421,0.699999988079071,0.699999988079071,135563
2023-08-21,0.699999988079071,0.699999988079071,0.6499999761581421,0.699999988079071,0.699999988079071,49400
2023-08-22,0.699999988079071,0.699999988079071,0.6499999761581421,0.699999988079071,0.699999988079071,134177
2023-08-23,0.699999988079071,0.699999988079071,0.699999988079071,0.699999988079071,0.699999988079071,87579
2023-08-24,0.6499999761581421,0.699999988079071,0.6499999761581421,0.6499999761581421,0.6499999761581421,88982
2023-08-25,0.6499999761581421,0.699999988079071,0.6499999761581421,0.6499999761581421,0.6499999761581421,158315
2023-08-28,0.699999988079071,0.699999988079071,0.6499999761581421,0.699999988079071,0.699999988079071,64963
2023-08-29,0.6499999761581421,0.6499999761581421,0.6499999761581421,0.6499999761581421,0.6499999761581421,240429
2023-08-30,0.6499999761581421,0.699999988079071,0.6499999761581421,0.6499999761581421,0.6499999761581421,135978
2023-08-31,0.699999988079071,0.699999988079071,0.6499999761581421,0.699999988079071,0.699999988079071,247449
2023-09-01,0.699999988079071,0.699999988079071,0.699999988079071,0.699999988079071,0.699999988079071,173561
2023-09-04,0.6499999761581421,0.699999988079071,0.6499999761581421,0.6499999761581421,0.6499999761581421,321082
2023-09-05,0.699999988079071,0.699999988079071,0.6499999761581421,0.699999988079071,0.699999988079071,146460
2023-09-06,0.699999988079071,0.699999988079071,0.6499999761581421,0.699999988079071,0.699999988079071,91744
2023-09-07,0.6499999761581421,0.699999988079071,0.6499999761581421,0.6499999761581421,0.6499999761581421,97974
2023-09-08,0.6499999761581421,0.699999988079071,0.6499999761581421,0.6499999761581421,0.6499999761581421,291476
2023-09-11,0.6000000238418579,0.699999988079071,0.6000000238418579,0.6000000238418579,0.6000000238418579,3783858
2023-09-12,0.6499999761581421,0.6499999761581421,0.6499999761581421,0.6499999761581421,0.6499999761581421,1839778
2023-09-13,0.6499999761581421,0.699999988079071,0.6499999761581421,0.6499999761581421,0.6499999761581421,64947
2023-09-14,0.699999988079071,0.699999988079071,0.6499999761581421,0.699999988079071,0.699999988079071,187336
2023-09-15,0.699999988079071,0.699999988079071,0.699999988079071,0.699999988079071,0.699999988079071,708570
2023-09-18,0.75,0.75,0.699999988079071,0.75,0.75,1261090
2023-09-20,0.75,0.800000011920929,0.75,0.800000011920929,0.800000011920929,946683
2023-09-21,0.8500000238418579,0.8500000238418579,0.800000011920929,0.8500000238418579,0.8500000238418579,803547
2023-09-22,0.8999999761581421,0.8999999761581421,0.8500000238418579,0.8999999761581421,0.8999999761581421,1326939
2023-09-25,0.949999988079071,0.949999988079071,0.949999988079071,0.949999988079071,0.949999988079071,290352
2023-09-26,1.0,1.0,1.0,1.0,1.0,533946
2023-09-27,1.0499999523162842,1.0499999523162842,1.0499999523162842,1.0499999523162842,1.0499999523162842,703773
2023-09-28,1.0,1.0499999523162842,1.0,1.0,1.0,522104
2023-09-29,0.949999988079071,0.949999988079071,0.949999988079071,0.949999988079071,0.949999988079071,260775
2023-10-03,0.8999999761581421,0.8999999761581421,0.8999999761581421,0.8999999761581421,0.8999999761581421,157758
2023-10-04,0.8500000238418579,0.8500000238418579,0.8500000238418579,0.8500000238418579,0.8500000238418579,162124
2023-10-05,0.8500000238418579,0.8500000238418579,0.800000011920929,0.8500000238418579,0.8500000238418579,155719
2023-10-06,0.8500000238418579,0.8999999761581421,0.8500000238418579,0.8500000238418579,0.8500000238418579,97147
2023-10-09,0.800000011920929,0.8500000238418579,0.800000011920929,0.800000011920929,0.800000011920929,162130
2023-10-10,0.800000011920929,0.800000011920929,0.75,0.800000011920929,0.800000011920929,110475
2023-10-11,0.75,0.800000011920929,0.75,0.75,0.75,128990
2023-10-12,0.800000011920929,0.800000011920929,0.75,0.800000011920929,0.800000011920929,127299
2023-10-13,0.800000011920929,0.800000011920929,0.800000011920929,0.800000011920929,0.800000011920929,80537
2023-10-16,0.800000011920929,0.800000011920929,0.75,0.800000011920929,0.800000011920929,60862
2023-10-17,0.800000011920929,0.800000011920929,0.75,0.800000011920929,0.800000011920929,155754
2023-10-18,0.75,0.800000011920929,0.75,0.75,0.75,33462
2023-10-19,0.800000011920929,0.800000011920929,0.75,0.800000011920929,0.800000011920929,122708
2023-10-20,0.75,0.800000011920929,0.75,0.75,0.75,123338
2023-10-23,0.75,0.75,0.75,0.75,0.75,145038
2023-10-25,0.699999988079071,0.75,0.699999988079071,0.699999988079071,0.699999988079071,242855
2023-10-26,0.699999988079071,0.699999988079071,0.699999988079071,0.699999988079071,0.699999988079071,227386
2023-10-27,0.699999988079071,0.699999988079071,0.699999988079071,0.699999988079071,0.699999988079071,171825
2023-10-30,0.699999988079071,0.699999988079071,0.699999988079071,0.699999988079071,0.699999988079071,81387
2023-10-31,0.75,0.75,0.699999988079071,0.75,0.75,71113
2023-11-01,0.75,0.75,0.699999988079071,0.75,0.75,33661
2023-11-02,0.699999988079071,0.75,0.699999988079071,0.699999988079071,0.699999988079071,262328
2023-11-03,0.699999988079071,0.699999988079071,0.6499999761581421,0.699999988079071,0.699999988079071,157595
2023-11-06,0.699999988079071,0.75,0.699999988079071,0.75,0.75,496714
2023-11-07,0.800000011920929,0.800000011920929,0.75,0.800000011920929,0.800000011920929,1142371
2023-11-08,0.800000011920929,0.8500000238418579,0.75,0.800000011920929,0.800000011920929,1419719
2023-11-09,0.800000011920929,0.800000011920929,0.75,0.75,0.75,761385
2023-11-10,0.699999988079071,0.75,0.699999988079071,0.75,0.75,820264
2023-11-13,0.800000011920929,0.800000011920929,0.699999988079071,0.75,0.75,374115
2023-11-15,0.75,0.800000011920929,0.699999988079071,0.800000011920929,0.800000011920929,943334
2023-11-16,0.8500000238418579,0.8500000238418579,0.75,0.800000011920929,0.800000011920929,1285050
2023-11-17,0.8500000238418579,0.8500000238418579,0.75,0.800000011920929,0.800000011920929,588480
2023-11-20,0.8500000238418579,0.8500000238418579,0.8500000238418579,0.8500000238418579,0.8500000238418579,856226
2023-11-21,0.8999999761581421,0.8999999761581421,0.8500000238418579,0.8999999761581421,0.8999999761581421,1038065
2023-11-22,0.949999988079071,0.949999988079071,0.949999988079071,0.949999988079071,0.949999988079071,629355
2023-11-23,1.0,1.0,1.0,1.0,1.0,843440
2023-11-24,1.0499999523162842,1.0499999523162842,1.0499999523162842,1.0499999523162842,1.0499999523162842,1710853
2023-11-28,1.100000023841858,1.100000023841858,1.0499999523162842,1.100000023841858,1.100000023841858,4738910
2023-11-29,1.149999976158142,1.149999976158142,1.149999976158142,1.149999976158142,1.149999976158142,3237642
2023-11-30,1.2000000476837158,1.2000000476837158,1.100000023841858,1.100000023841858,1.100000023841858,2787814
2023-12-01,1.0499999523162842,1.0499999523162842,1.0499999523162842,1.0499999523162842,1.0499999523162842,1137274
2023-12-04,1.100000023841858,1.100000023841858,1.0,1.0,1.0,1008345
2023-12-05,0.949999988079071,1.0,0.949999988079071,0.949999988079071,0.949999988079071,758210
2023-12-06,1.0,1.0,0.8999999761581421,0.949999988079071,0.949999988079071,981286
2023-12-07,1.0,1.0,0.8999999761581421,1.0,1.0,945793
2023-12-08,1.0499999523162842,1.0499999523162842,0.949999988079071,0.949999988079071,0.949999988079071,526189
2023-12-11,1.0,1.0,0.8999999761581421,0.949999988079071,0.949999988079071,611616
2023-12-12,1.0,1.0,0.8999999761581421,0.949999988079071,0.949999988079071,719046
2023-12-13,0.949999988079071,1.0,0.949999988079071,1.0,1.0,1122957
2023-12-14,1.0499999523162842,1.0499999523162842,0.949999988079071,1.0,1.0,571458
2023-12-15,0.949999988079071,1.0499999523162842,0.949999988079071,0.949999988079071,0.949999988079071,359325
2023-12-18,1.0,1.0,0.8999999761581421,1.0,1.0,1091805
2023-12-19,1.0,1.0499999523162842,0.949999988079071,1.0499999523162842,1.0499999523162842,722673
2023-12-20,1.100000023841858,1.100000023841858,1.0,1.0499999523162842,1.0499999523162842,649190
2023-12-21,1.0499999523162842,1.0499999523162842,1.0,1.0,1.0,513556
2023-12-22,1.0499999523162842,1.0499999523162842,1.0,1.0499999523162842,1.0499999523162842,395417
2023-12-26,1.0499999523162842,1.100000023841858,1.0,1.0,1.0,595227
2023-12-27,1.0499999523162842,1.0499999523162842,0.949999988079071,1.0499999523162842,1.0499999523162842,547850
2023-12-28,1.0,1.100000023841858,1.0,1.0,1.0,562181
2023-12-29,1.0499999523162842,1.0499999523162842,1.0,1.0499999523162842,1.0499999523162842,611368
2024-01-01,1.100000023841858,1.100000023841858,1.0499999523162842,1.100000023841858,1.100000023841858,629617
2024-01-02,1.149999976158142,1.149999976158142,1.0499999523162842,1.100000023841858,1.100000023841858,804595
2024-01-03,1.149999976158142,1.149999976158142,1.0499999523162842,1.0499999523162842,1.0499999523162842,609736
2024-01-04,1.100000023841858,1.100000023841858,1.0,1.0499999523162842,1.0499999523162842,1074683
2024-01-05,1.100000023841858,1.100000023841858,1.0499999523162842,1.100000023841858,1.100000023841858,666499
2024-01-08,1.149999976158142,1.149999976158142,1.100000023841858,1.149999976158142,1.149999976158142,2329869
2024-01-09,1.2000000476837158,1.2000000476837158,1.2000000476837158,1.2000000476837158,1.2000000476837158,725951
2024-01-10,1.25,1.25,1.149999976158142,1.2000000476837158,1.2000000476837158,2505572
2024-01-11,1.25,1.25,1.149999976158142,1.2000000476837158,1.2000000476837158,716901
2024-01-12,1.2000000476837158,1.25,1.149999976158142,1.2000000476837158,1.2000000476837158,760369
2024-01-15,1.2000000476837158,1.2000000476837158,1.2000000476837158,1.2000000476837158,1.2000000476837158,0
2024-01-16,1.25,1.25,1.149999976158142,1.2000000476837158,1.2000000476837158,489660
