Date,Open,High,Low,Close,Adj Close,Volume
2014-01-16,239.75,243.6999969482422,239.0500030517578,240.39999389648438,240.39999389648438,7232
2014-01-17,239.64999389648438,242.5500030517578,237.0,238.25,238.25,9464
2014-01-20,236.75,242.9499969482422,235.0500030517578,240.5500030517578,240.5500030517578,10962
2014-01-21,238.10000610351562,243.5,238.10000610351562,240.75,240.75,10383
2014-01-22,246.5,247.9499969482422,242.0,244.10000610351562,244.10000610351562,35716
2014-01-23,244.10000610351562,247.35000610351562,242.0,243.60000610351562,243.60000610351562,9449
2014-01-24,241.14999389648438,243.89999389648438,222.75,223.85000610351562,223.85000610351562,38624
2014-01-27,219.0,220.0,206.0500030517578,209.3000030517578,209.3000030517578,23576
2014-01-28,211.9499969482422,217.89999389648438,211.25,214.39999389648438,214.39999389648438,10614
2014-01-29,217.89999389648438,235.0,210.6999969482422,231.5,231.5,157998
2014-01-30,236.0,236.0,214.0500030517578,218.64999389648438,218.64999389648438,50829
2014-01-31,222.5500030517578,223.60000610351562,219.75,220.5,220.5,8751
2014-02-03,220.5500030517578,229.85000610351562,220.0,221.85000610351562,221.85000610351562,12127
2014-02-04,217.0,223.9499969482422,215.89999389648438,221.5500030517578,221.5500030517578,19240
2014-02-05,222.75,234.0,221.0,227.75,227.75,51306
2014-02-06,229.25,232.8000030517578,224.35000610351562,228.0,228.0,13438
2014-02-07,228.14999389648438,239.6999969482422,228.14999389648438,236.85000610351562,236.85000610351562,52996
2014-02-10,239.1999969482422,242.6999969482422,237.1999969482422,238.4499969482422,238.4499969482422,24595
2014-02-11,239.64999389648438,241.3000030517578,232.39999389648438,234.0500030517578,234.0500030517578,10792
2014-02-12,236.35000610351562,237.89999389648438,232.0,233.0,233.0,9508
2014-02-13,232.0,242.0,232.0,233.14999389648438,233.14999389648438,61818
2014-02-14,233.3000030517578,238.0,224.0,225.85000610351562,225.85000610351562,26046
2014-02-17,228.85000610351562,229.0,222.0,224.4499969482422,224.4499969482422,8341
2014-02-18,222.25,226.8000030517578,222.0500030517578,224.25,224.25,7592
2014-02-19,224.75,226.0,220.5,221.5,221.5,12019
2014-02-20,219.39999389648438,221.35000610351562,217.85000610351562,218.9499969482422,218.9499969482422,10544
2014-02-21,225.0,225.89999389648438,224.0,224.85000610351562,224.85000610351562,41077
2014-02-24,227.35000610351562,231.75,226.0,229.0500030517578,229.0500030517578,19674
2014-02-25,230.0,234.89999389648438,227.0,230.60000610351562,230.60000610351562,22992
2014-02-26,234.0,234.0,229.0,229.60000610351562,229.60000610351562,7917
2014-02-28,233.89999389648438,244.8000030517578,232.0,239.85000610351562,239.85000610351562,80018
2014-03-03,240.8000030517578,249.85000610351562,239.0500030517578,243.39999389648438,243.39999389648438,65650
2014-03-04,243.5500030517578,245.8000030517578,241.3000030517578,244.0500030517578,244.0500030517578,15351
2014-03-05,241.60000610351562,246.60000610351562,241.60000610351562,244.10000610351562,244.10000610351562,10806
2014-03-06,244.60000610351562,262.8999938964844,243.0,261.6499938964844,261.6499938964844,141266
2014-03-07,263.95001220703125,264.5,251.4499969482422,253.35000610351562,253.35000610351562,48014
2014-03-10,252.60000610351562,258.0,248.0500030517578,254.3000030517578,254.3000030517578,25771
2014-03-11,254.25,255.0,250.0,251.6999969482422,251.6999969482422,15838
2014-03-12,252.5,253.60000610351562,248.1999969482422,249.3000030517578,249.3000030517578,20909
2014-03-13,251.0,252.85000610351562,245.5,249.1999969482422,249.1999969482422,18971
2014-03-14,249.9499969482422,254.0,248.25,249.89999389648438,249.89999389648438,14655
2014-03-18,252.5500030517578,256.8999938964844,250.10000610351562,253.9499969482422,253.9499969482422,16554
2014-03-19,252.10000610351562,254.60000610351562,251.4499969482422,252.60000610351562,252.60000610351562,4839
2014-03-20,253.89999389648438,265.0,250.89999389648438,253.0500030517578,253.0500030517578,37294
2014-03-21,253.0500030517578,259.0,253.0500030517578,254.35000610351562,254.35000610351562,13121
2014-03-24,253.0500030517578,256.0,247.1999969482422,248.0,248.0,23171
2014-03-25,252.0,252.0,243.0500030517578,243.85000610351562,243.85000610351562,11389
2014-03-26,246.9499969482422,247.0,238.10000610351562,238.85000610351562,238.85000610351562,15801
2014-03-27,250.0,250.0,236.0,239.89999389648438,239.89999389648438,14196
2014-03-28,244.0,248.0,242.5500030517578,244.14999389648438,244.14999389648438,16379
2014-03-31,245.8000030517578,247.6999969482422,243.3000030517578,244.5,244.5,10247
2014-04-01,242.10000610351562,247.4499969482422,242.10000610351562,242.9499969482422,242.9499969482422,11839
2014-04-02,240.5500030517578,253.0,240.5500030517578,248.85000610351562,248.85000610351562,59625
2014-04-03,250.0,271.70001220703125,247.0,263.54998779296875,263.54998779296875,160589
2014-04-04,270.0,316.25,265.5,316.25,316.25,669351
2014-04-07,328.1000061035156,334.70001220703125,302.75,306.8500061035156,306.8500061035156,422502
2014-04-09,307.0,328.6499938964844,300.8999938964844,317.6000061035156,317.6000061035156,273587
2014-04-10,317.0,329.45001220703125,305.0,308.29998779296875,308.29998779296875,93723
2014-04-11,305.25,317.70001220703125,305.0,306.6499938964844,306.6499938964844,65131
2014-04-15,306.79998779296875,317.0,303.0,305.5,305.5,47147
2014-04-16,305.25,314.3999938964844,302.0,302.70001220703125,302.70001220703125,80375
2014-04-17,304.6000061035156,312.8999938964844,303.29998779296875,306.3500061035156,306.3500061035156,47642
2014-04-21,306.5,313.0,306.0,307.0,307.0,26514
2014-04-22,306.95001220703125,317.8999938964844,306.95001220703125,308.20001220703125,308.20001220703125,63759
2014-04-23,307.75,314.0,307.0,307.95001220703125,307.95001220703125,22517
2014-04-24,307.95001220703125,307.95001220703125,307.95001220703125,307.95001220703125,307.95001220703125,0
2014-04-25,307.75,310.95001220703125,301.75,304.5,304.5,24553
2014-04-28,307.5,349.79998779296875,302.0,340.75,340.75,380505
2014-04-29,343.70001220703125,350.0,314.0,317.6499938964844,317.6499938964844,203168
2014-04-30,320.5,333.54998779296875,310.1000061035156,320.29998779296875,320.29998779296875,132459
2014-05-02,319.6499938964844,333.29998779296875,319.6499938964844,330.0,330.0,296984
2014-05-05,331.8500061035156,336.8999938964844,318.5,323.1499938964844,323.1499938964844,176293
2014-05-06,321.1499938964844,326.20001220703125,305.5,307.8999938964844,307.8999938964844,63720
2014-05-07,308.0,324.79998779296875,306.0,308.3500061035156,308.3500061035156,137228
2014-05-08,311.0,317.0,308.29998779296875,310.1000061035156,310.1000061035156,35568
2014-05-09,312.0,335.0,296.0,320.8999938964844,320.8999938964844,199214
2014-05-12,320.0,324.79998779296875,310.95001220703125,312.79998779296875,312.79998779296875,104117
2014-05-13,310.29998779296875,317.6499938964844,308.29998779296875,310.70001220703125,310.70001220703125,28393
2014-05-14,312.0,319.79998779296875,308.6000061035156,309.6000061035156,309.6000061035156,67592
2014-05-15,311.0,314.0,303.3500061035156,304.5,304.5,92393
2014-05-16,312.45001220703125,318.3999938964844,302.0,304.75,304.75,55964
2014-05-19,307.45001220703125,324.5,303.5,312.95001220703125,312.95001220703125,195410
2014-05-20,328.0,328.0,306.0,307.3999938964844,307.3999938964844,73195
2014-05-21,309.95001220703125,313.70001220703125,299.0,300.5,300.5,114977
2014-05-22,302.8500061035156,309.5,299.0,299.95001220703125,299.95001220703125,77291
2014-05-23,303.0,309.5,299.0,301.3999938964844,301.3999938964844,57964
2014-05-26,305.25,313.79998779296875,291.0,294.25,294.25,210408
2014-05-27,297.1499938964844,301.0,287.1000061035156,289.04998779296875,289.04998779296875,42539
2014-05-28,291.95001220703125,295.79998779296875,286.0,288.45001220703125,288.45001220703125,47359
2014-05-29,290.0,292.6499938964844,282.29998779296875,283.3500061035156,283.3500061035156,32121
2014-05-30,283.1000061035156,286.0,276.1000061035156,278.1000061035156,278.1000061035156,34267
2014-06-02,282.3999938964844,286.45001220703125,270.1000061035156,279.5,279.5,74935
2014-06-03,276.54998779296875,304.3999938964844,276.54998779296875,289.6000061035156,289.6000061035156,392271
2014-06-04,292.79998779296875,296.79998779296875,285.0,288.6000061035156,288.6000061035156,131797
2014-06-05,289.0,291.29998779296875,279.95001220703125,281.79998779296875,281.79998779296875,61787
2014-06-06,282.20001220703125,288.0,274.04998779296875,276.54998779296875,276.54998779296875,138746
2014-06-09,279.0,282.5,276.0,278.8500061035156,278.8500061035156,106448
2014-06-10,280.6000061035156,289.95001220703125,276.25,282.79998779296875,282.79998779296875,275349
2014-06-11,284.79998779296875,291.0,283.20001220703125,285.79998779296875,285.79998779296875,158976
2014-06-12,290.5,294.3999938964844,288.0,290.70001220703125,290.70001220703125,182886
2014-06-13,293.45001220703125,297.6000061035156,277.5,281.79998779296875,281.79998779296875,113188
2014-06-16,281.04998779296875,281.95001220703125,274.20001220703125,280.79998779296875,280.79998779296875,40165
2014-06-17,278.0,286.5,278.0,283.3500061035156,283.3500061035156,32495
2014-06-18,285.8999938964844,285.8999938964844,278.5,281.29998779296875,281.29998779296875,37707
2014-06-19,287.0,292.0,278.3500061035156,279.5,279.5,90134
2014-06-20,280.0,288.0,278.5,281.0,281.0,54234
2014-06-23,283.6000061035156,285.8999938964844,278.0,279.1000061035156,279.1000061035156,48821
2014-06-24,278.04998779296875,281.79998779296875,274.1499938964844,275.3500061035156,275.3500061035156,66276
2014-06-25,276.45001220703125,278.8999938964844,262.54998779296875,263.6000061035156,263.6000061035156,161500
2014-06-26,265.0,269.45001220703125,254.5,258.5,258.5,130532
2014-06-27,261.3999938964844,264.5,260.0,262.45001220703125,262.45001220703125,51109
2014-06-30,262.25,279.79998779296875,262.25,276.95001220703125,276.95001220703125,117521
2014-07-01,280.0,282.70001220703125,276.0,278.3500061035156,278.3500061035156,65060
2014-07-02,281.45001220703125,283.79998779296875,278.75,280.29998779296875,280.29998779296875,54127
2014-07-03,282.8500061035156,282.8500061035156,276.5,278.95001220703125,278.95001220703125,50042
2014-07-04,280.5,297.0,278.75,288.04998779296875,288.04998779296875,191908
2014-07-07,290.45001220703125,297.0,287.0,288.8500061035156,288.8500061035156,145328
2014-07-08,291.6499938964844,292.5,265.0,268.75,268.75,129607
2014-07-09,270.70001220703125,277.0,262.1000061035156,264.45001220703125,264.45001220703125,83344
2014-07-10,265.54998779296875,269.1499938964844,258.04998779296875,264.1000061035156,264.1000061035156,71636
2014-07-11,268.0,271.3500061035156,255.5500030517578,257.20001220703125,257.20001220703125,49387
2014-07-14,260.0,261.0,255.10000610351562,257.8999938964844,257.8999938964844,23081
2014-07-15,260.0,266.0,258.20001220703125,259.70001220703125,259.70001220703125,49229
2014-07-16,260.20001220703125,271.75,260.0,269.29998779296875,269.29998779296875,92831
2014-07-17,270.0,272.70001220703125,264.20001220703125,265.45001220703125,265.45001220703125,38369
2014-07-18,264.8999938964844,267.0,262.5,264.5,264.5,19339
2014-07-21,268.3999938964844,270.0,266.29998779296875,267.6000061035156,267.6000061035156,23785
2014-07-22,270.0,282.70001220703125,267.95001220703125,274.04998779296875,274.04998779296875,165936
2014-07-23,274.04998779296875,277.04998779296875,265.20001220703125,266.8999938964844,266.8999938964844,55019
2014-07-24,268.8500061035156,274.0,267.0,271.29998779296875,271.29998779296875,52885
2014-07-25,273.70001220703125,274.04998779296875,267.0,270.3500061035156,270.3500061035156,38387
2014-07-28,271.0,275.8999938964844,268.20001220703125,271.3500061035156,271.3500061035156,45321
2014-07-30,273.1499938964844,282.0,265.25,274.70001220703125,274.70001220703125,79717
2014-07-31,276.6499938964844,288.6499938964844,274.5,278.8500061035156,278.8500061035156,254755
2014-08-01,277.5,284.3999938964844,271.6000061035156,275.54998779296875,275.54998779296875,133497
2014-08-04,277.8500061035156,282.5,268.70001220703125,272.54998779296875,272.54998779296875,47519
2014-08-05,274.5,277.8999938964844,272.0,275.45001220703125,275.45001220703125,50598
2014-08-06,276.6499938964844,284.0,274.0,278.25,278.25,65496
2014-08-07,281.3999938964844,284.1499938964844,274.20001220703125,275.0,275.0,100367
2014-08-08,273.3999938964844,275.5,267.0,272.95001220703125,272.95001220703125,51565
2014-08-11,274.0,275.6499938964844,268.6499938964844,269.5,269.5,33798
2014-08-12,272.0,272.0,266.5,267.25,267.25,46523
2014-08-13,268.5,270.3999938964844,259.0,261.04998779296875,261.04998779296875,68940
2014-08-14,251.0,251.0,240.10000610351562,243.0,243.0,119024
2014-08-18,243.0,253.89999389648438,238.0,251.1999969482422,251.1999969482422,55857
2014-08-19,251.14999389648438,253.75,248.3000030517578,249.8000030517578,249.8000030517578,39321
2014-08-20,249.5,273.75,249.10000610351562,262.5,262.5,284934
2014-08-21,265.0,271.6499938964844,263.3500061035156,264.6000061035156,264.6000061035156,112186
2014-08-22,266.8999938964844,268.3999938964844,256.75,258.6000061035156,258.6000061035156,66268
2014-08-25,260.04998779296875,264.75,257.29998779296875,259.54998779296875,259.54998779296875,59095
2014-08-26,259.0,261.5,254.14999389648438,256.5,256.5,52136
2014-08-27,270.0,304.79998779296875,269.5,295.6000061035156,295.6000061035156,2375273
2014-08-28,297.70001220703125,299.79998779296875,281.5,282.6000061035156,282.6000061035156,569835
2014-09-01,285.0,292.5,281.95001220703125,285.04998779296875,285.04998779296875,152847
2014-09-02,285.5,293.3999938964844,282.6000061035156,285.8500061035156,285.8500061035156,171378
2014-09-03,286.25,288.3999938964844,277.0,278.54998779296875,278.54998779296875,110487
2014-09-04,280.0,284.5,264.0,280.1000061035156,280.1000061035156,542130
2014-09-05,281.70001220703125,282.95001220703125,269.0,274.8999938964844,274.8999938964844,240472
2014-09-08,277.0,308.0,275.1000061035156,298.54998779296875,298.54998779296875,1168622
2014-09-09,301.3500061035156,324.8500061035156,300.54998779296875,313.29998779296875,313.29998779296875,961625
2014-09-10,315.6000061035156,331.79998779296875,314.5,321.95001220703125,321.95001220703125,719604
2014-09-11,325.3999938964844,334.25,322.6499938964844,324.04998779296875,324.04998779296875,308346
2014-09-12,327.6000061035156,328.6499938964844,313.79998779296875,317.3999938964844,317.3999938964844,185597
2014-09-15,315.3500061035156,380.8500061035156,312.54998779296875,377.6000061035156,377.6000061035156,1703877
2014-09-16,377.0,378.0,302.1000061035156,302.1000061035156,302.1000061035156,3164707
2014-09-17,297.95001220703125,319.0,286.6000061035156,300.95001220703125,300.95001220703125,1520723
2014-09-18,303.0,318.79998779296875,303.0,308.79998779296875,308.79998779296875,455260
2014-09-19,310.0,315.0,298.1000061035156,300.70001220703125,300.70001220703125,222779
2014-09-22,300.0,302.6000061035156,290.0,291.6499938964844,291.6499938964844,199441
2014-09-23,294.0,296.95001220703125,282.20001220703125,285.8999938964844,285.8999938964844,207609
2014-09-24,285.8999938964844,288.0,273.04998779296875,276.5,276.5,126758
2014-09-25,278.6000061035156,278.79998779296875,248.10000610351562,263.8500061035156,263.8500061035156,488424
2014-09-26,261.20001220703125,291.0,261.1499938964844,277.20001220703125,277.20001220703125,494020
2014-09-29,278.0,286.25,270.20001220703125,272.3500061035156,272.3500061035156,187762
2014-09-30,274.3999938964844,277.70001220703125,270.25,271.3999938964844,271.3999938964844,73259
2014-10-01,273.79998779296875,274.0,264.5,265.6499938964844,265.6499938964844,73529
2014-10-07,265.0,272.0,258.1000061035156,259.04998779296875,259.04998779296875,86478
2014-10-08,259.8999938964844,262.45001220703125,254.0,254.9499969482422,254.9499969482422,68076
2014-10-09,256.20001220703125,264.3999938964844,256.20001220703125,261.29998779296875,261.29998779296875,71912
2014-10-10,258.75,279.5,256.04998779296875,268.0,268.0,272309
2014-10-13,268.6499938964844,274.0,264.6000061035156,265.54998779296875,265.54998779296875,67560
2014-10-14,266.0,271.75,263.25,264.6499938964844,264.6499938964844,44558
2014-10-15,264.6499938964844,264.6499938964844,264.6499938964844,264.6499938964844,264.6499938964844,0
2014-10-16,265.0,266.8999938964844,256.1000061035156,257.5,257.5,44380
2014-10-17,259.0,261.8999938964844,245.60000610351562,253.10000610351562,253.10000610351562,82190
2014-10-20,255.25,259.0,252.0,254.3000030517578,254.3000030517578,54937
2014-10-21,256.6000061035156,259.8999938964844,252.85000610351562,255.3000030517578,255.3000030517578,43029
2014-10-22,256.1000061035156,259.25,255.25,257.1000061035156,257.1000061035156,41255
2014-10-27,264.29998779296875,266.6499938964844,258.25,264.6000061035156,264.6000061035156,51144
2014-10-28,266.70001220703125,269.5,259.0,259.75,259.75,82686
2014-10-29,262.0,262.95001220703125,260.1000061035156,260.79998779296875,260.79998779296875,46332
2014-10-30,260.54998779296875,263.3999938964844,259.1000061035156,260.04998779296875,260.04998779296875,42337
2014-10-31,262.3999938964844,270.0,261.04998779296875,265.04998779296875,265.04998779296875,112839
2014-11-03,263.54998779296875,277.79998779296875,263.54998779296875,273.79998779296875,273.79998779296875,220278
2014-11-05,275.79998779296875,282.3999938964844,275.54998779296875,278.45001220703125,278.45001220703125,136416
2014-11-07,279.95001220703125,281.79998779296875,274.0,275.1000061035156,275.1000061035156,74110
2014-11-10,276.5,278.5,260.0,261.04998779296875,261.04998779296875,156481
2014-11-11,261.5,274.5,257.04998779296875,263.8500061035156,263.8500061035156,408770
2014-11-12,264.45001220703125,270.0,260.8500061035156,261.6499938964844,261.6499938964844,125628
2014-11-13,263.6499938964844,263.8999938964844,257.0,258.6000061035156,258.6000061035156,106117
2014-11-14,258.95001220703125,264.45001220703125,256.0,258.8500061035156,258.8500061035156,116194
2014-11-17,257.95001220703125,257.95001220703125,241.1999969482422,245.9499969482422,245.9499969482422,235509
2014-11-18,243.5500030517578,249.0,243.5,245.0500030517578,245.0500030517578,117623
2014-11-19,245.0,247.9499969482422,239.9499969482422,240.9499969482422,240.9499969482422,80785
2014-11-20,239.60000610351562,242.85000610351562,236.1999969482422,237.60000610351562,237.60000610351562,58045
2014-11-21,237.60000610351562,244.89999389648438,237.60000610351562,240.4499969482422,240.4499969482422,65891
2014-11-24,240.0,242.0,228.0,229.0500030517578,229.0500030517578,149681
2014-11-25,229.5,236.0,224.0,226.89999389648438,226.89999389648438,177470
2014-11-26,225.0500030517578,230.0,222.0,222.5,222.5,92490
2014-11-27,221.10000610351562,223.6999969482422,213.1999969482422,215.89999389648438,215.89999389648438,122025
2014-11-28,214.0,225.0,212.4499969482422,222.39999389648438,222.39999389648438,160690
2014-12-01,222.6999969482422,222.9499969482422,218.0,218.25,218.25,52039
2014-12-02,218.25,222.0,216.35000610351562,219.5,219.5,48192
2014-12-03,219.0,224.9499969482422,218.8000030517578,220.64999389648438,220.64999389648438,71304
2014-12-04,222.89999389648438,241.39999389648438,215.10000610351562,231.9499969482422,231.9499969482422,488516
2014-12-05,228.89999389648438,234.6999969482422,226.85000610351562,227.6999969482422,227.6999969482422,149571
2014-12-08,228.0,232.0,226.25,228.39999389648438,228.39999389648438,103369
2014-12-09,227.0,232.0,223.0,223.89999389648438,223.89999389648438,68203
2014-12-10,223.8000030517578,224.0,217.64999389648438,220.6999969482422,220.6999969482422,53380
2014-12-11,221.85000610351562,226.89999389648438,217.1999969482422,221.5500030517578,221.5500030517578,88592
2014-12-12,222.0,223.75,216.0,217.0,217.0,48255
2014-12-15,217.0,218.0,210.0500030517578,210.3000030517578,210.3000030517578,69115
2014-12-16,210.0,210.0,199.5,204.60000610351562,204.60000610351562,98287
2014-12-17,201.5,204.60000610351562,195.0,201.25,201.25,80307
2014-12-18,203.14999389648438,209.89999389648438,203.14999389648438,207.5,207.5,60143
2014-12-19,212.0,214.9499969482422,208.60000610351562,209.9499969482422,209.9499969482422,80343
2014-12-22,211.0,216.39999389648438,211.0,214.25,214.25,57699
2014-12-23,215.64999389648438,217.85000610351562,207.0,210.35000610351562,210.35000610351562,81767
2014-12-24,208.3000030517578,216.0,207.60000610351562,209.64999389648438,209.64999389648438,44931
2014-12-26,210.1999969482422,214.89999389648438,208.0500030517578,209.0500030517578,209.0500030517578,40583
2014-12-29,210.9499969482422,213.3000030517578,209.5500030517578,210.6999969482422,210.6999969482422,37260
2014-12-30,211.0,216.39999389648438,210.0,210.8000030517578,210.8000030517578,55929
2014-12-31,211.1999969482422,212.4499969482422,210.14999389648438,210.60000610351562,210.60000610351562,32987
2015-01-01,210.5,224.6999969482422,210.5,219.75,219.75,161829
2015-01-02,222.6999969482422,226.39999389648438,220.0500030517578,222.5,222.5,118851
2015-01-05,223.6999969482422,224.1999969482422,217.39999389648438,219.64999389648438,219.64999389648438,64487
2015-01-06,218.0,218.0,211.25,212.89999389648438,212.89999389648438,49985
2015-01-07,213.0,215.0,208.75,210.5500030517578,210.5500030517578,62799
2015-01-08,212.9499969482422,223.5,212.5500030517578,217.14999389648438,217.14999389648438,115158
2015-01-09,219.64999389648438,220.75,214.75,215.85000610351562,215.85000610351562,40790
2015-01-12,217.25,218.85000610351562,214.5,216.5,216.5,34857
2015-01-13,218.0,218.0,212.10000610351562,213.10000610351562,213.10000610351562,35568
2015-01-14,214.8000030517578,215.0,208.8000030517578,209.39999389648438,209.39999389648438,43223
2015-01-15,210.60000610351562,212.5500030517578,205.6999969482422,206.6999969482422,206.6999969482422,63843
2015-01-16,207.89999389648438,212.0,205.5500030517578,206.25,206.25,80312
2015-01-19,207.75,210.0,206.5,207.0500030517578,207.0500030517578,31876
2015-01-20,208.0,211.0,206.0,206.5500030517578,206.5500030517578,41370
2015-01-21,207.0,211.0,207.0,207.75,207.75,56721
2015-01-22,209.0,210.0,205.0500030517578,205.25,205.25,53436
2015-01-23,207.0,207.5,200.64999389648438,201.25,201.25,53167
2015-01-27,203.1999969482422,204.0500030517578,190.9499969482422,191.5500030517578,191.5500030517578,118452
2015-01-28,192.0500030517578,192.0500030517578,172.60000610351562,176.4499969482422,176.4499969482422,284628
2015-01-29,176.4499969482422,191.9499969482422,151.8000030517578,181.89999389648438,181.89999389648438,1532281
2015-01-30,186.0,194.0,184.5,187.89999389648438,187.89999389648438,504089
2015-02-02,188.89999389648438,189.5,180.1999969482422,181.75,181.75,106109
2015-02-03,181.0500030517578,186.0,175.1999969482422,176.3000030517578,176.3000030517578,116628
2015-02-04,177.0,177.60000610351562,167.5,168.75,168.75,143366
2015-02-05,168.14999389648438,179.0,164.39999389648438,172.3000030517578,172.3000030517578,172151
2015-02-06,170.3000030517578,172.25,162.10000610351562,163.25,163.25,101908
2015-02-09,163.0,194.0,155.0,184.0,184.0,1528019
2015-02-10,185.60000610351562,186.89999389648438,170.0,173.4499969482422,173.4499969482422,392402
2015-02-11,174.9499969482422,177.39999389648438,169.0,169.64999389648438,169.64999389648438,154984
2015-02-12,170.3000030517578,176.0,169.3000030517578,170.4499969482422,170.4499969482422,164987
2015-02-13,171.10000610351562,179.8000030517578,171.0500030517578,174.85000610351562,174.85000610351562,210599
2015-02-16,170.0,170.0,161.10000610351562,162.5500030517578,162.5500030517578,236664
2015-02-18,160.10000610351562,164.1999969482422,158.5,159.64999389648438,159.64999389648438,130695
2015-02-19,160.1999969482422,166.0,159.1999969482422,161.25,161.25,181228
2015-02-20,162.0,166.0,158.5,159.39999389648438,159.39999389648438,153517
2015-02-23,163.89999389648438,163.89999389648438,158.60000610351562,159.14999389648438,159.14999389648438,87573
2015-02-24,160.0500030517578,161.8000030517578,156.0,156.1999969482422,156.1999969482422,76382
2015-02-25,158.85000610351562,159.0,150.35000610351562,151.64999389648438,151.64999389648438,133294
2015-02-26,152.0,154.85000610351562,144.60000610351562,146.4499969482422,146.4499969482422,144051
2015-02-27,147.8000030517578,150.0,142.25,144.1999969482422,144.1999969482422,241818
2015-03-02,152.89999389648438,153.75,147.0500030517578,149.25,149.25,96986
2015-03-03,150.0,153.5,148.14999389648438,149.39999389648438,149.39999389648438,95273
2015-03-04,151.60000610351562,152.5500030517578,144.14999389648438,144.8000030517578,144.8000030517578,130288
2015-03-05,146.35000610351562,149.5,145.0500030517578,146.3000030517578,146.3000030517578,102862
2015-03-09,146.0,151.75,144.9499969482422,148.5500030517578,148.5500030517578,139708
2015-03-10,150.3000030517578,151.0,144.10000610351562,144.64999389648438,144.64999389648438,91586
2015-03-11,145.8000030517578,146.9499969482422,140.0,140.8000030517578,140.8000030517578,96328
2015-03-12,141.89999389648438,143.5,139.1999969482422,139.9499969482422,139.9499969482422,81307
2015-03-13,141.0,142.5,134.4499969482422,135.39999389648438,135.39999389648438,160376
2015-03-16,136.6999969482422,137.0,130.25,130.9499969482422,130.9499969482422,105902
2015-03-17,131.3000030517578,134.39999389648438,125.0999984741211,125.80000305175781,125.80000305175781,134011
2015-03-18,127.69999694824219,127.69999694824219,120.0,121.55000305175781,121.55000305175781,152438
2015-03-19,122.0,123.55000305175781,113.44999694824219,114.05000305175781,114.05000305175781,230248
2015-03-20,114.0,114.25,101.0999984741211,102.75,102.75,231959
2015-03-23,103.0,123.30000305175781,95.5999984741211,123.30000305175781,123.30000305175781,1633137
2015-03-24,128.8000030517578,144.39999389648438,126.0,139.14999389648438,139.14999389648438,3673360
2015-03-25,140.60000610351562,141.0,129.0,136.5,136.5,1268640
2015-03-26,135.0,136.0,130.10000610351562,132.64999389648438,132.64999389648438,281145
2015-03-27,133.0,144.6999969482422,133.0,139.3000030517578,139.3000030517578,999940
2015-03-30,140.0,140.89999389648438,134.6999969482422,135.60000610351562,135.60000610351562,218393
2015-03-31,135.5,140.5,135.0,135.60000610351562,135.60000610351562,210349
2015-04-01,135.89999389648438,138.5,130.5,133.4499969482422,133.4499969482422,124685
2015-04-06,138.60000610351562,144.5,133.5,138.75,138.75,312886
2015-04-07,139.5,142.75,139.0,140.64999389648438,140.64999389648438,149159
2015-04-08,143.0,167.0,143.0,164.3000030517578,164.3000030517578,1388367
2015-04-09,165.0500030517578,169.0,160.64999389648438,163.10000610351562,163.10000610351562,624236
2015-04-10,162.89999389648438,172.3000030517578,153.0,168.39999389648438,168.39999389648438,631712
2015-04-13,170.60000610351562,202.0500030517578,170.60000610351562,200.60000610351562,200.60000610351562,3063357
2015-04-15,204.0,218.5,201.60000610351562,206.1999969482422,206.1999969482422,2018302
2015-04-16,207.10000610351562,215.6999969482422,192.5,204.5,204.5,990470
2015-04-17,206.60000610351562,211.5,195.0,196.8000030517578,196.8000030517578,491120
2015-04-20,195.4499969482422,198.75,180.60000610351562,183.25,183.25,364801
2015-04-21,181.10000610351562,190.39999389648438,174.0500030517578,186.10000610351562,186.10000610351562,646385
2015-04-22,188.64999389648438,197.3000030517578,186.5,189.64999389648438,189.64999389648438,575469
2015-04-23,191.0,194.6999969482422,184.35000610351562,186.1999969482422,186.1999969482422,269213
2015-04-24,187.5,187.5,171.10000610351562,173.3000030517578,173.3000030517578,221835
2015-04-27,172.5,175.0,156.0,156.9499969482422,156.9499969482422,268468
2015-04-28,156.0,172.0,144.0,169.25,169.25,548070
2015-04-29,171.0,174.0,164.5,166.4499969482422,166.4499969482422,271914
2015-04-30,166.0,167.60000610351562,158.10000610351562,164.25,164.25,161639
2015-05-04,166.14999389648438,181.5,166.14999389648438,175.6999969482422,175.6999969482422,386889
2015-05-05,176.0,182.5,173.0500030517578,175.64999389648438,175.64999389648438,299034
2015-05-06,174.3000030517578,177.0,168.0,169.6999969482422,169.6999969482422,138134
2015-05-07,168.0500030517578,171.5,165.0,167.60000610351562,167.60000610351562,188034
2015-05-08,169.8000030517578,174.0,166.6999969482422,168.60000610351562,168.60000610351562,116954
2015-05-11,169.0,172.60000610351562,166.5,168.64999389648438,168.64999389648438,129648
2015-05-12,169.8000030517578,169.8000030517578,159.8000030517578,161.85000610351562,161.85000610351562,112032
2015-05-13,162.14999389648438,169.60000610351562,161.0,165.39999389648438,165.39999389648438,145758
2015-05-14,163.9499969482422,167.8000030517578,162.5,163.8000030517578,163.8000030517578,90136
2015-05-15,165.1999969482422,167.4499969482422,161.14999389648438,162.14999389648438,162.14999389648438,83114
2015-05-18,163.5,166.0,161.60000610351562,162.64999389648438,162.64999389648438,70887
2015-05-19,162.6999969482422,169.5500030517578,161.10000610351562,163.4499969482422,163.4499969482422,125197
2015-05-20,165.0,170.0,165.0,166.5500030517578,166.5500030517578,168267
2015-05-21,167.8000030517578,168.1999969482422,163.10000610351562,164.1999969482422,164.1999969482422,82149
2015-05-22,168.5500030517578,168.5500030517578,162.10000610351562,163.0500030517578,163.0500030517578,56771
2015-05-25,163.0500030517578,166.1999969482422,162.60000610351562,163.6999969482422,163.6999969482422,62045
2015-05-26,166.0,167.39999389648438,162.0,162.39999389648438,162.39999389648438,72735
2015-05-27,161.39999389648438,162.85000610351562,157.35000610351562,159.10000610351562,159.10000610351562,48463
2015-05-28,160.60000610351562,161.9499969482422,156.1999969482422,157.39999389648438,157.39999389648438,39828
2015-05-29,157.0,161.64999389648438,152.89999389648438,154.6999969482422,154.6999969482422,90324
2015-06-01,137.0,145.3000030517578,123.80000305175781,137.5,137.5,312734
2015-06-02,139.0,159.0,139.0,151.8000030517578,151.8000030517578,871674
2015-06-03,153.6999969482422,159.5,134.0,141.5500030517578,141.5500030517578,452614
2015-06-04,142.64999389648438,146.0,139.10000610351562,142.9499969482422,142.9499969482422,160595
2015-06-05,143.10000610351562,145.8000030517578,138.10000610351562,140.0500030517578,140.0500030517578,114364
2015-06-08,141.10000610351562,143.75,136.0500030517578,136.5500030517578,136.5500030517578,85701
2015-06-09,132.5,135.64999389648438,131.35000610351562,132.0500030517578,132.0500030517578,76024
2015-06-10,133.89999389648438,137.89999389648438,131.3000030517578,133.89999389648438,133.89999389648438,89459
2015-06-11,135.0,138.5,130.8000030517578,131.6999969482422,131.6999969482422,122154
2015-06-12,131.5,133.89999389648438,128.14999389648438,128.6999969482422,128.6999969482422,63616
2015-06-15,129.89999389648438,132.9499969482422,129.10000610351562,129.8000030517578,129.8000030517578,52525
2015-06-16,130.60000610351562,130.6999969482422,126.5,128.8000030517578,128.8000030517578,49899
2015-06-17,130.60000610351562,150.5,130.39999389648438,144.0,144.0,975572
2015-06-18,144.85000610351562,150.6999969482422,142.1999969482422,143.9499969482422,143.9499969482422,212180
2015-06-19,145.0,147.60000610351562,141.25,142.10000610351562,142.10000610351562,113255
2015-06-22,143.60000610351562,147.0,142.0,142.5500030517578,142.5500030517578,96879
2015-06-23,150.0,161.9499969482422,146.39999389648438,148.0,148.0,1987031
2015-06-24,147.9499969482422,149.39999389648438,143.89999389648438,145.0500030517578,145.0500030517578,303840
2015-06-25,145.75,153.8000030517578,141.60000610351562,148.75,148.75,276064
2015-06-26,148.4499969482422,151.39999389648438,145.39999389648438,146.9499969482422,146.9499969482422,205859
2015-06-29,142.64999389648438,143.64999389648438,137.0,142.0,142.0,162875
2015-06-30,145.0,150.0,143.10000610351562,144.89999389648438,144.89999389648438,206955
2015-07-01,146.8000030517578,149.8000030517578,145.14999389648438,145.6999969482422,145.6999969482422,196410
2015-07-02,146.89999389648438,147.60000610351562,141.10000610351562,141.9499969482422,141.9499969482422,118303
2015-07-03,142.25,144.6999969482422,137.5,138.64999389648438,138.64999389648438,173298
2015-07-06,136.0,144.8000030517578,136.0,142.60000610351562,142.60000610351562,186235
2015-07-07,143.75,153.0,143.39999389648438,147.35000610351562,147.35000610351562,467505
2015-07-08,147.89999389648438,147.89999389648438,142.10000610351562,143.89999389648438,143.89999389648438,97888
2015-07-09,144.89999389648438,148.8000030517578,142.75,143.39999389648438,143.39999389648438,92985
2015-07-10,146.3000030517578,146.60000610351562,142.10000610351562,142.5500030517578,142.5500030517578,70691
2015-07-13,143.10000610351562,147.60000610351562,143.10000610351562,143.64999389648438,143.64999389648438,88110
2015-07-14,145.5,147.0,142.9499969482422,143.75,143.75,95301
2015-07-15,145.5,158.6999969482422,144.0,153.64999389648438,153.64999389648438,959397
2015-07-16,155.4499969482422,159.8000030517578,153.5,154.85000610351562,154.85000610351562,372462
2015-07-17,155.85000610351562,155.85000610351562,150.1999969482422,151.0500030517578,151.0500030517578,117715
2015-07-20,150.10000610351562,151.25,147.0,148.3000030517578,148.3000030517578,96438
2015-07-21,148.0,154.39999389648438,146.25,147.39999389648438,147.39999389648438,180560
2015-07-22,146.25,151.9499969482422,146.0,148.8000030517578,148.8000030517578,107319
2015-07-23,148.75,154.5,147.1999969482422,148.1999969482422,148.1999969482422,142937
2015-07-24,148.6999969482422,150.3000030517578,145.1999969482422,145.5,145.5,79671
2015-07-27,145.35000610351562,148.1999969482422,143.5,143.9499969482422,143.9499969482422,65557
2015-07-28,144.5500030517578,147.0,142.0,143.10000610351562,143.10000610351562,69944
2015-07-29,144.0,153.9499969482422,144.0,149.5,149.5,314035
2015-07-30,150.0,151.89999389648438,145.25,146.75,146.75,87525
2015-07-31,147.75,154.5,147.0,147.85000610351562,147.85000610351562,195803
2015-08-03,148.25,152.5,148.10000610351562,148.8000030517578,148.8000030517578,82307
2015-08-04,149.39999389648438,149.9499969482422,145.0,146.6999969482422,146.6999969482422,69948
2015-08-05,147.25,163.8000030517578,147.25,156.60000610351562,156.60000610351562,671492
2015-08-06,157.5500030517578,162.0,153.0,153.64999389648438,153.64999389648438,242223
2015-08-07,153.6999969482422,157.5,151.10000610351562,152.14999389648438,152.14999389648438,98457
2015-08-10,150.5500030517578,155.35000610351562,148.75,149.60000610351562,149.60000610351562,84470
2015-08-11,150.0,151.0,145.0500030517578,146.0,146.0,62119
2015-08-12,145.0,153.35000610351562,144.85000610351562,145.89999389648438,145.89999389648438,100092
2015-08-13,147.10000610351562,149.4499969482422,144.75,145.4499969482422,145.4499969482422,55770
2015-08-14,143.25,149.0,143.25,145.9499969482422,145.9499969482422,48375
2015-08-17,146.5,147.75,141.10000610351562,142.8000030517578,142.8000030517578,71348
2015-08-18,144.0,147.5,143.8000030517578,145.35000610351562,145.35000610351562,59152
2015-08-19,146.39999389648438,153.6999969482422,144.60000610351562,147.10000610351562,147.10000610351562,144817
2015-08-20,146.75,152.89999389648438,143.14999389648438,144.8000030517578,144.8000030517578,112185
2015-08-21,144.0,144.0,140.10000610351562,141.89999389648438,141.89999389648438,64330
2015-08-24,138.0,138.0,120.0,121.5999984741211,121.5999984741211,87846
2015-08-25,123.5999984741211,129.89999389648438,105.80000305175781,120.0,120.0,98232
2015-08-26,126.0,126.0,119.9000015258789,122.5,122.5,75088
2015-08-27,123.5,127.80000305175781,123.5,124.5999984741211,124.5999984741211,48594
2015-08-28,127.80000305175781,137.64999389648438,126.5,128.85000610351562,128.85000610351562,117575
2015-08-31,129.0,132.89999389648438,127.94999694824219,128.8000030517578,128.8000030517578,43229
2015-09-01,127.4000015258789,134.14999389648438,126.0,127.5,127.5,55218
2015-09-02,128.8000030517578,131.89999389648438,127.05000305175781,127.75,127.75,45280
2015-09-03,129.6999969482422,131.75,126.19999694824219,127.19999694824219,127.19999694824219,55309
2015-09-04,127.0,128.8000030517578,120.0999984741211,120.8499984741211,120.8499984741211,61334
2015-09-07,123.3499984741211,123.3499984741211,113.19999694824219,114.9000015258789,114.9000015258789,49441
2015-09-08,117.80000305175781,117.80000305175781,110.6500015258789,114.0999984741211,114.0999984741211,62219
2015-09-09,119.0,119.5,116.75,118.44999694824219,118.44999694824219,52637
2015-09-10,117.69999694824219,125.4000015258789,113.0999984741211,122.9000015258789,122.9000015258789,89290
2015-09-11,124.0999984741211,127.5,120.0999984741211,121.75,121.75,67708
2015-09-14,123.0,125.0,121.5,123.75,123.75,60520
2015-09-15,123.8499984741211,126.0,120.0,120.05000305175781,120.05000305175781,35912
2015-09-16,122.75,123.5,120.6500015258789,121.19999694824219,121.19999694824219,33618
2015-09-18,123.80000305175781,125.0,122.0999984741211,122.6500015258789,122.6500015258789,26640
2015-09-21,121.69999694824219,124.19999694824219,121.69999694824219,123.55000305175781,123.55000305175781,34239
2015-09-22,124.0,126.4000015258789,120.30000305175781,121.0999984741211,121.0999984741211,45836
2015-09-23,121.0999984741211,123.4000015258789,120.0,120.6500015258789,120.6500015258789,37624
2015-09-24,121.0,125.0,121.0,122.0,122.0,45464
2015-09-28,122.0999984741211,125.0,119.0,119.80000305175781,119.80000305175781,46400
2015-09-29,119.0999984741211,123.0999984741211,117.1500015258789,120.30000305175781,120.30000305175781,32393
2015-09-30,121.94999694824219,124.5,120.05000305175781,120.94999694824219,120.94999694824219,48586
2015-10-01,123.3499984741211,128.75,121.19999694824219,124.69999694824219,124.69999694824219,93052
2015-10-05,126.0,128.4499969482422,125.55000305175781,127.3499984741211,127.3499984741211,72881
2015-10-06,127.55000305175781,131.39999389648438,126.19999694824219,129.0,129.0,74207
2015-10-07,129.0,135.4499969482422,128.10000610351562,130.9499969482422,130.9499969482422,105017
2015-10-08,132.3000030517578,132.6999969482422,125.5999984741211,127.30000305175781,127.30000305175781,50128
2015-10-09,128.5500030517578,129.89999389648438,126.0,126.44999694824219,126.44999694824219,39404
2015-10-12,128.8000030517578,128.8000030517578,125.9000015258789,126.80000305175781,126.80000305175781,25131
2015-10-13,126.69999694824219,129.4499969482422,124.80000305175781,126.5,126.5,36751
2015-10-14,128.0,130.3000030517578,126.05000305175781,127.94999694824219,127.94999694824219,38967
2015-10-15,128.8000030517578,132.64999389648438,128.1999969482422,129.6999969482422,129.6999969482422,74825
2015-10-16,130.75,130.8000030517578,127.5,128.4499969482422,128.4499969482422,24693
2015-10-19,127.19999694824219,130.8000030517578,126.19999694824219,128.3000030517578,128.3000030517578,35133
2015-10-20,127.30000305175781,132.89999389648438,127.30000305175781,129.4499969482422,129.4499969482422,74241
2015-10-21,130.89999389648438,132.8000030517578,128.10000610351562,129.10000610351562,129.10000610351562,36859
2015-10-23,130.89999389648438,131.75,129.3000030517578,130.0500030517578,130.0500030517578,41889
2015-10-26,132.0,133.0,126.30000305175781,127.44999694824219,127.44999694824219,27220
2015-10-27,127.69999694824219,128.10000610351562,125.8499984741211,126.69999694824219,126.69999694824219,27574
2015-10-28,126.69999694824219,146.5,124.0,140.0500030517578,140.0500030517578,584149
2015-10-29,140.0,140.85000610351562,134.25,135.25,135.25,100244
2015-10-30,135.75,142.39999389648438,131.0,132.89999389648438,132.89999389648438,85718
2015-11-02,132.89999389648438,134.0,128.64999389648438,129.85000610351562,129.85000610351562,41317
2015-11-03,131.60000610351562,134.60000610351562,129.5,130.8000030517578,130.8000030517578,54569
2015-11-04,131.8000030517578,132.60000610351562,128.1999969482422,129.4499969482422,129.4499969482422,22511
2015-11-05,129.14999389648438,130.64999389648438,127.0,127.0999984741211,127.0999984741211,43022
2015-11-06,128.0500030517578,129.0500030517578,125.0,125.5,125.5,26136
2015-11-09,122.0,127.80000305175781,120.0,126.19999694824219,126.19999694824219,39644
2015-11-10,126.19999694824219,128.0,123.5,124.0,124.0,27119
2015-11-13,124.69999694824219,131.89999389648438,120.0999984741211,124.55000305175781,124.55000305175781,208342
2015-11-16,122.5999984741211,127.0,122.1500015258789,123.0999984741211,123.0999984741211,43257
2015-11-17,124.94999694824219,125.94999694824219,121.30000305175781,122.1500015258789,122.1500015258789,44373
2015-11-18,123.5,124.9000015258789,120.25,120.8499984741211,120.8499984741211,39633
2015-11-19,122.8499984741211,122.8499984741211,118.44999694824219,119.6500015258789,119.6500015258789,41368
2015-11-20,120.1500015258789,121.4000015258789,118.0,118.6500015258789,118.6500015258789,48013
2015-11-23,119.0,122.0,118.80000305175781,119.25,119.25,37331
2015-11-24,120.6500015258789,121.9000015258789,119.5,119.8499984741211,119.8499984741211,41081
2015-11-26,121.4000015258789,121.4000015258789,118.19999694824219,118.5,118.5,45828
2015-11-27,119.0,120.8499984741211,118.05000305175781,118.4000015258789,118.4000015258789,44639
2015-11-30,119.05000305175781,123.5,118.3499984741211,120.4000015258789,120.4000015258789,76220
2015-12-01,121.0,122.44999694824219,120.05000305175781,120.6500015258789,120.6500015258789,23736
2015-12-02,121.4000015258789,138.8000030517578,119.9000015258789,133.9499969482422,133.9499969482422,625080
2015-12-03,134.8000030517578,138.5,130.64999389648438,131.10000610351562,131.10000610351562,140636
2015-12-04,131.0,140.0,127.0,132.75,132.75,301645
2015-12-07,134.6999969482422,138.75,132.25,134.10000610351562,134.10000610351562,100430
2015-12-08,133.60000610351562,135.0,127.5,127.9000015258789,127.9000015258789,53094
2015-12-09,129.0500030517578,132.60000610351562,121.55000305175781,123.4000015258789,123.4000015258789,68576
2015-12-10,125.69999694824219,127.19999694824219,122.19999694824219,125.44999694824219,125.44999694824219,47583
2015-12-11,125.69999694824219,128.0,122.19999694824219,123.0,123.0,58394
2015-12-14,122.0,123.8499984741211,120.75,122.3499984741211,122.3499984741211,26155
2015-12-15,123.4000015258789,128.0500030517578,121.1500015258789,124.69999694824219,124.69999694824219,74584
2015-12-16,128.0,128.0,123.19999694824219,123.6500015258789,123.6500015258789,33739
2015-12-17,125.9000015258789,128.60000610351562,124.25,126.80000305175781,126.80000305175781,59623
2015-12-18,126.80000305175781,138.6999969482422,125.5999984741211,133.85000610351562,133.85000610351562,339966
2015-12-21,134.35000610351562,137.9499969482422,130.0,135.3000030517578,135.3000030517578,132329
2015-12-22,133.0,136.5,132.10000610351562,133.39999389648438,133.39999389648438,43568
2015-12-23,134.5,137.5,130.3000030517578,134.0,134.0,62016
2015-12-24,134.6999969482422,136.0500030517578,130.5,132.5500030517578,132.5500030517578,42947
2015-12-28,133.9499969482422,134.75,131.5,131.9499969482422,131.9499969482422,28772
2015-12-29,132.75,133.35000610351562,128.0,128.5,128.5,36032
2015-12-30,129.0,130.0,126.0,126.4000015258789,126.4000015258789,45565
2015-12-31,124.5,129.89999389648438,120.6500015258789,127.8499984741211,127.8499984741211,245670
2016-01-01,128.0,128.0,125.0,125.8499984741211,125.8499984741211,35308
2016-01-04,128.0,129.0,124.69999694824219,125.75,125.75,43896
2016-01-05,125.19999694824219,129.85000610351562,124.5,127.25,127.25,57403
2016-01-06,129.0,132.0,125.5,126.19999694824219,126.19999694824219,66688
2016-01-07,125.0999984741211,128.6999969482422,121.30000305175781,122.1500015258789,122.1500015258789,45635
2016-01-08,123.5,125.9000015258789,121.5,121.80000305175781,121.80000305175781,53369
2016-01-11,121.5,122.3499984741211,118.0,119.94999694824219,119.94999694824219,67163
2016-01-12,121.30000305175781,122.80000305175781,119.0,119.3499984741211,119.3499984741211,43694
2016-01-13,122.44999694824219,122.44999694824219,109.0999984741211,113.30000305175781,113.30000305175781,93340
2016-01-14,110.0,112.69999694824219,108.0999984741211,110.19999694824219,110.19999694824219,45708
2016-01-15,112.0,113.30000305175781,100.0,103.25,103.25,41902
2016-01-18,105.8499984741211,105.8499984741211,94.25,97.0,97.0,57420
2016-01-19,97.19999694824219,101.8499984741211,97.0,97.80000305175781,97.80000305175781,57994
2016-01-20,95.0,97.5,92.6500015258789,94.80000305175781,94.80000305175781,35730
2016-01-21,97.80000305175781,99.5999984741211,94.0,94.94999694824219,94.94999694824219,32874
2016-01-22,96.19999694824219,113.9000015258789,96.0999984741211,113.9000015258789,113.9000015258789,219551
2016-01-25,116.9000015258789,122.8499984741211,113.80000305175781,114.69999694824219,114.69999694824219,214741
2016-01-27,113.0,123.69999694824219,112.80000305175781,116.69999694824219,116.69999694824219,126920
2016-01-28,115.0,118.80000305175781,112.75,113.25,113.25,34399
2016-01-29,114.4000015258789,116.05000305175781,112.19999694824219,113.05000305175781,113.05000305175781,30805
2016-02-01,113.05000305175781,129.89999389648438,113.05000305175781,125.3499984741211,125.3499984741211,646538
2016-02-02,125.0,126.1500015258789,117.0,118.5,118.5,99883
2016-02-03,116.80000305175781,116.80000305175781,111.75,112.25,112.25,48134
2016-02-04,115.0,116.94999694824219,108.0,108.9000015258789,108.9000015258789,59352
2016-02-05,109.80000305175781,111.9000015258789,104.3499984741211,107.94999694824219,107.94999694824219,62799
2016-02-08,108.44999694824219,111.5,107.5999984741211,108.30000305175781,108.30000305175781,35519
2016-02-09,104.30000305175781,109.0,104.30000305175781,105.44999694824219,105.44999694824219,33850
2016-02-10,105.55000305175781,107.80000305175781,103.94999694824219,104.9000015258789,104.9000015258789,40342
2016-02-11,101.75,102.55000305175781,94.25,95.4000015258789,95.4000015258789,60442
2016-02-12,100.0,100.0,86.0999984741211,91.3499984741211,91.3499984741211,59133
2016-02-15,93.1500015258789,98.9000015258789,93.1500015258789,95.80000305175781,95.80000305175781,32498
2016-02-16,99.44999694824219,99.5,91.75,92.3499984741211,92.3499984741211,33487
2016-02-17,93.05000305175781,95.44999694824219,87.05000305175781,90.80000305175781,90.80000305175781,36736
2016-02-18,93.0,96.5999984741211,91.30000305175781,92.0999984741211,92.0999984741211,30753
2016-02-19,92.0999984741211,93.1500015258789,90.94999694824219,91.44999694824219,91.44999694824219,20620
2016-02-22,90.5,92.0,89.0,90.25,90.25,42634
2016-02-23,91.30000305175781,95.4000015258789,90.0999984741211,90.6500015258789,90.6500015258789,78775
2016-02-24,89.30000305175781,93.5,86.5,87.44999694824219,87.44999694824219,58798
2016-02-25,87.19999694824219,89.69999694824219,85.80000305175781,86.9000015258789,86.9000015258789,27373
2016-02-26,90.30000305175781,90.30000305175781,83.69999694824219,84.94999694824219,84.94999694824219,36584
2016-02-29,85.0,85.94999694824219,82.0,83.69999694824219,83.69999694824219,26888
2016-03-01,84.44999694824219,88.9000015258789,84.05000305175781,87.5,87.5,41289
2016-03-02,88.5999984741211,94.9000015258789,88.5999984741211,91.44999694824219,91.44999694824219,67129
2016-03-03,91.5,93.94999694824219,91.30000305175781,92.30000305175781,92.30000305175781,42782
2016-03-04,92.19999694824219,99.05000305175781,91.4000015258789,93.5999984741211,93.5999984741211,100116
2016-03-08,93.8499984741211,98.9000015258789,92.94999694824219,94.4000015258789,94.4000015258789,43308
2016-03-09,95.6500015258789,95.94999694824219,93.0999984741211,94.5,94.5,33046
2016-03-10,95.25,96.80000305175781,93.0999984741211,94.0,94.0,27647
2016-03-11,94.0999984741211,95.8499984741211,92.1500015258789,93.0,93.0,26868
2016-03-14,92.30000305175781,95.44999694824219,91.75,92.1500015258789,92.1500015258789,35137
2016-03-15,91.55000305175781,93.44999694824219,89.44999694824219,90.3499984741211,90.3499984741211,24993
2016-03-16,90.8499984741211,103.3499984741211,88.05000305175781,100.19999694824219,100.19999694824219,342439
2016-03-17,102.0,102.0,95.1500015258789,95.94999694824219,95.94999694824219,173759
2016-03-18,95.75,96.5,93.0,93.5,93.5,44766
2016-03-21,94.55000305175781,95.94999694824219,92.55000305175781,92.9000015258789,92.9000015258789,52564
2016-03-22,92.9000015258789,96.80000305175781,92.5999984741211,93.5999984741211,93.5999984741211,74397
2016-03-23,93.75,95.44999694824219,91.05000305175781,91.80000305175781,91.80000305175781,58916
2016-03-28,91.75,92.5,89.0999984741211,89.4000015258789,89.4000015258789,36025
2016-03-29,89.94999694824219,92.75,88.0,89.05000305175781,89.05000305175781,68349
2016-03-30,89.69999694824219,91.5,89.0999984741211,89.5,89.5,52709
2016-03-31,89.55000305175781,92.4000015258789,87.9000015258789,88.1500015258789,88.1500015258789,81764
2016-04-01,88.25,91.44999694824219,88.25,89.6500015258789,89.6500015258789,45746
2016-04-04,88.5,90.69999694824219,88.5,90.05000305175781,90.05000305175781,23378
2016-04-05,89.94999694824219,89.94999694824219,86.5999984741211,87.05000305175781,87.05000305175781,49050
2016-04-06,88.30000305175781,89.75,87.4000015258789,88.44999694824219,88.44999694824219,30579
2016-04-07,89.19999694824219,91.69999694824219,88.0,90.55000305175781,90.55000305175781,63775
2016-04-08,89.25,92.5999984741211,89.19999694824219,90.19999694824219,90.19999694824219,61439
2016-04-11,90.9000015258789,91.9000015258789,90.0999984741211,90.4000015258789,90.4000015258789,34656
2016-04-12,89.6500015258789,92.0999984741211,89.6500015258789,90.5,90.5,35284
2016-04-13,91.19999694824219,92.4000015258789,89.3499984741211,89.9000015258789,89.9000015258789,86551
2016-04-18,90.5,91.0,88.80000305175781,89.19999694824219,89.19999694824219,37082
2016-04-20,89.19999694824219,92.5,89.19999694824219,90.30000305175781,90.30000305175781,55940
2016-04-21,91.0,92.80000305175781,90.5999984741211,91.0,91.0,58107
2016-04-22,90.80000305175781,92.05000305175781,90.5999984741211,90.9000015258789,90.9000015258789,32579
2016-04-25,90.9000015258789,91.3499984741211,89.19999694824219,89.8499984741211,89.8499984741211,22564
2016-04-26,90.0,93.69999694824219,90.0,90.94999694824219,90.94999694824219,104534
2016-04-27,91.0,92.75,90.69999694824219,91.0,91.0,50964
2016-04-28,91.44999694824219,91.75,89.0999984741211,89.4000015258789,89.4000015258789,24826
2016-04-29,89.94999694824219,91.19999694824219,88.55000305175781,89.5,89.5,24408
2016-05-02,89.4000015258789,90.25,88.5,88.69999694824219,88.69999694824219,16382
2016-05-03,88.6500015258789,91.4000015258789,88.6500015258789,89.25,89.25,55283
2016-05-04,89.25,89.44999694824219,87.25,87.6500015258789,87.6500015258789,22566
2016-05-05,87.30000305175781,88.9000015258789,87.0999984741211,87.80000305175781,87.80000305175781,41702
2016-05-06,88.5,89.5999984741211,87.05000305175781,87.3499984741211,87.3499984741211,15714
2016-05-09,87.5999984741211,88.69999694824219,87.0999984741211,87.25,87.25,21429
2016-05-10,87.30000305175781,90.05000305175781,85.0,86.9000015258789,86.9000015258789,39875
2016-05-11,84.6500015258789,86.8499984741211,84.6500015258789,85.44999694824219,85.44999694824219,19201
2016-05-12,85.5,86.69999694824219,85.0999984741211,85.30000305175781,85.30000305175781,27531
2016-05-13,85.80000305175781,85.8499984741211,84.0,84.1500015258789,84.1500015258789,33713
2016-05-16,85.55000305175781,85.55000305175781,84.05000305175781,84.55000305175781,84.55000305175781,13376
2016-05-17,84.75,85.19999694824219,83.30000305175781,83.5999984741211,83.5999984741211,22097
2016-05-18,83.75,84.1500015258789,82.5999984741211,83.19999694824219,83.19999694824219,23377
2016-05-19,84.0999984741211,85.5999984741211,82.1500015258789,82.8499984741211,82.8499984741211,23089
2016-05-20,83.3499984741211,83.44999694824219,75.5999984741211,77.05000305175781,77.05000305175781,66480
2016-05-23,78.0999984741211,78.4000015258789,75.0,75.1500015258789,75.1500015258789,34281
2016-05-24,76.6500015258789,76.69999694824219,68.75,69.6500015258789,69.6500015258789,59968
2016-05-25,68.5,73.0,68.5,71.05000305175781,71.05000305175781,74116
2016-05-26,71.94999694824219,71.94999694824219,68.6500015258789,69.25,69.25,40556
2016-05-27,69.9000015258789,72.0,69.80000305175781,71.69999694824219,71.69999694824219,41403
2016-05-30,72.5999984741211,72.5999984741211,70.05000305175781,70.19999694824219,70.19999694824219,31534
2016-05-31,70.25,70.8499984741211,65.25,65.94999694824219,65.94999694824219,60728
2016-06-01,67.5,79.0999984741211,65.19999694824219,79.0999984741211,79.0999984741211,618927
2016-06-02,82.4000015258789,90.9000015258789,82.0,88.8499984741211,88.8499984741211,2017889
2016-06-03,88.9000015258789,89.0,83.1500015258789,84.80000305175781,84.80000305175781,283587
2016-06-06,84.94999694824219,90.9000015258789,83.1500015258789,86.9000015258789,86.9000015258789,388307
2016-06-07,87.6500015258789,87.6500015258789,83.69999694824219,84.3499984741211,84.3499984741211,71203
2016-06-08,84.0,87.5,81.80000305175781,83.5999984741211,83.5999984741211,120272
2016-06-09,84.19999694824219,87.9000015258789,83.5,83.8499984741211,83.8499984741211,132651
2016-06-10,84.0,85.5,81.1500015258789,82.69999694824219,82.69999694824219,59253
2016-06-13,82.19999694824219,86.80000305175781,80.75,85.0999984741211,85.0999984741211,110440
2016-06-14,85.9000015258789,85.9000015258789,83.44999694824219,84.1500015258789,84.1500015258789,47058
2016-06-15,85.80000305175781,86.0,82.69999694824219,84.05000305175781,84.05000305175781,81109
2016-06-16,84.4000015258789,84.4000015258789,82.3499984741211,82.69999694824219,82.69999694824219,35343
2016-06-17,82.9000015258789,84.5999984741211,81.05000305175781,81.69999694824219,81.69999694824219,40232
2016-06-20,81.19999694824219,84.69999694824219,80.30000305175781,81.69999694824219,81.69999694824219,62992
2016-06-21,81.5,84.4000015258789,81.4000015258789,81.69999694824219,81.69999694824219,51599
2016-06-22,82.94999694824219,83.0,79.19999694824219,80.19999694824219,80.19999694824219,36768
2016-06-23,80.55000305175781,81.5999984741211,78.5,79.30000305175781,79.30000305175781,28879
2016-06-24,76.94999694824219,76.94999694824219,73.44999694824219,76.1500015258789,76.1500015258789,49113
2016-06-27,76.1500015258789,82.5,76.1500015258789,80.6500015258789,80.6500015258789,114127
2016-06-28,81.9000015258789,85.19999694824219,80.30000305175781,81.5,81.5,144567
2016-06-29,82.0,85.9000015258789,81.9000015258789,82.19999694824219,82.19999694824219,167908
2016-06-30,83.0,83.94999694824219,81.25,81.9000015258789,81.9000015258789,41525
2016-07-01,81.55000305175781,84.8499984741211,81.5,83.9000015258789,83.9000015258789,149391
2016-07-04,84.6500015258789,86.5999984741211,84.0,84.5999984741211,84.5999984741211,73278
2016-07-05,84.6500015258789,85.80000305175781,83.30000305175781,84.55000305175781,84.55000305175781,42258
2016-07-07,84.9000015258789,89.80000305175781,84.0,88.80000305175781,88.80000305175781,481943
2016-07-08,88.9000015258789,90.5,87.0999984741211,87.75,87.75,106819
2016-07-11,90.75,101.0,87.5,98.30000305175781,98.30000305175781,1453698
2016-07-12,96.30000305175781,97.80000305175781,93.0,93.5,93.5,272186
2016-07-13,93.9000015258789,94.19999694824219,88.5999984741211,89.30000305175781,89.30000305175781,161278
2016-07-14,88.0999984741211,91.9000015258789,88.0999984741211,89.5,89.5,66256
2016-07-15,90.0,90.3499984741211,86.30000305175781,87.19999694824219,87.19999694824219,87805
2016-07-18,88.55000305175781,88.6500015258789,85.69999694824219,85.94999694824219,85.94999694824219,40268
2016-07-19,86.94999694824219,88.5,86.0,86.9000015258789,86.9000015258789,62617
2016-07-20,87.6500015258789,88.5,86.25,87.69999694824219,87.69999694824219,55872
2016-07-21,88.6500015258789,88.9000015258789,83.5,86.3499984741211,86.3499984741211,66047
2016-07-22,88.5,88.55000305175781,85.19999694824219,86.19999694824219,86.19999694824219,55949
2016-07-25,87.55000305175781,88.3499984741211,85.5,85.6500015258789,85.6500015258789,43210
2016-07-26,85.9000015258789,87.25,85.55000305175781,86.0,86.0,36604
2016-07-27,85.6500015258789,87.19999694824219,85.3499984741211,86.05000305175781,86.05000305175781,34357
2016-07-28,86.4000015258789,89.44999694824219,85.80000305175781,86.6500015258789,86.6500015258789,83507
2016-07-29,86.94999694824219,86.94999694824219,84.94999694824219,85.6500015258789,85.6500015258789,36641
2016-08-01,85.69999694824219,86.94999694824219,85.1500015258789,85.8499984741211,85.8499984741211,31796
2016-08-02,86.3499984741211,87.0,84.30000305175781,84.69999694824219,84.69999694824219,26202
2016-08-03,84.0999984741211,85.19999694824219,81.75,82.9000015258789,82.9000015258789,28896
2016-08-04,85.4000015258789,85.4000015258789,81.19999694824219,83.3499984741211,83.3499984741211,28461
2016-08-05,84.30000305175781,85.5,83.5,84.0,84.0,30996
2016-08-08,90.69999694824219,97.80000305175781,89.19999694824219,91.55000305175781,91.55000305175781,431265
2016-08-09,91.69999694824219,91.69999694824219,86.19999694824219,87.19999694824219,87.19999694824219,71865
2016-08-10,86.75,89.9000015258789,85.0,85.5,85.5,79624
2016-08-11,84.4000015258789,86.4000015258789,84.0,84.44999694824219,84.44999694824219,32235
2016-08-12,86.25,86.9000015258789,84.5,85.9000015258789,85.9000015258789,62146
2016-08-16,86.0,86.6500015258789,82.5999984741211,83.3499984741211,83.3499984741211,44235
2016-08-17,82.5999984741211,84.75,82.5999984741211,84.05000305175781,84.05000305175781,22155
2016-08-18,84.0999984741211,86.5,84.0,85.5999984741211,85.5999984741211,36589
2016-08-19,85.0,86.4000015258789,84.0999984741211,84.69999694824219,84.69999694824219,41261
2016-08-22,85.0,89.4000015258789,84.0999984741211,88.1500015258789,88.1500015258789,103658
2016-08-23,89.3499984741211,91.0,88.05000305175781,89.5999984741211,89.5999984741211,90179
2016-08-24,90.8499984741211,93.5,89.0,92.05000305175781,92.05000305175781,97846
2016-08-25,92.80000305175781,95.0999984741211,92.0999984741211,93.0,93.0,150421
2016-08-26,93.0,93.9000015258789,90.0,90.8499984741211,90.8499984741211,64609
2016-08-29,91.9000015258789,95.0,90.75,91.4000015258789,91.4000015258789,24909
2016-08-30,91.44999694824219,102.5,91.05000305175781,95.9000015258789,95.9000015258789,605588
2016-08-31,96.80000305175781,96.80000305175781,93.4000015258789,94.30000305175781,94.30000305175781,91923
2016-09-01,94.30000305175781,94.30000305175781,91.0999984741211,91.80000305175781,91.80000305175781,37682
2016-09-02,91.80000305175781,104.0,90.69999694824219,99.69999694824219,99.69999694824219,625828
2016-09-06,99.69999694824219,108.4000015258789,98.0999984741211,106.55000305175781,106.55000305175781,604923
2016-09-07,106.4000015258789,106.4000015258789,101.0,102.0999984741211,102.0999984741211,144291
2016-09-08,102.94999694824219,107.0,100.1500015258789,103.4000015258789,103.4000015258789,157915
2016-09-09,103.3499984741211,105.9000015258789,100.0,100.5,100.5,120307
2016-09-12,98.0,99.9000015258789,95.69999694824219,96.3499984741211,96.3499984741211,68888
2016-09-14,96.0,102.25,95.0,99.55000305175781,99.55000305175781,152639
2016-09-15,103.0,104.69999694824219,99.5,99.8499984741211,99.8499984741211,138030
2016-09-16,102.5999984741211,103.4000015258789,97.9000015258789,98.5999984741211,98.5999984741211,84114
2016-09-19,99.0999984741211,102.0,98.5999984741211,99.55000305175781,99.55000305175781,56964
2016-09-20,100.0,104.94999694824219,99.0,101.3499984741211,101.3499984741211,209353
2016-09-21,102.0,106.4000015258789,101.0,103.8499984741211,103.8499984741211,244731
2016-09-22,105.6500015258789,109.3499984741211,103.5,105.5999984741211,105.5999984741211,247851
2016-09-23,105.5999984741211,107.30000305175781,101.19999694824219,102.19999694824219,102.19999694824219,76675
2016-09-26,103.0,103.3499984741211,100.0,101.44999694824219,101.44999694824219,48976
2016-09-27,102.0,103.69999694824219,99.5999984741211,100.55000305175781,100.55000305175781,53561
2016-09-28,101.3499984741211,120.6500015258789,101.3499984741211,120.6500015258789,120.6500015258789,2137896
2016-09-29,125.5,127.0,100.30000305175781,106.19999694824219,106.19999694824219,1028705
2016-09-30,103.0,113.5,103.0,111.94999694824219,111.94999694824219,365717
2016-10-03,112.80000305175781,134.3000030517578,112.80000305175781,133.85000610351562,133.85000610351562,1888103
2016-10-04,135.0,136.5,122.80000305175781,129.6999969482422,129.6999969482422,664341
2016-10-05,131.39999389648438,142.5,129.75,137.3000030517578,137.3000030517578,1344680
2016-10-06,137.5,139.10000610351562,127.69999694824219,130.6999969482422,130.6999969482422,375170
2016-10-07,130.89999389648438,135.0,128.64999389648438,132.75,132.75,248757
2016-10-10,133.25,136.64999389648438,128.25,130.35000610351562,130.35000610351562,240416
2016-10-13,129.89999389648438,134.0,125.5999984741211,128.35000610351562,128.35000610351562,162589
2016-10-14,129.35000610351562,131.39999389648438,126.1500015258789,129.10000610351562,129.10000610351562,123242
2016-10-17,129.10000610351562,130.6999969482422,125.8499984741211,126.69999694824219,126.69999694824219,100420
2016-10-18,127.9000015258789,129.0,125.25,126.0999984741211,126.0999984741211,107619
2016-10-19,126.55000305175781,132.0,126.30000305175781,130.5,130.5,201109
2016-10-20,132.8000030517578,132.8000030517578,127.0,127.30000305175781,127.30000305175781,86432
2016-10-21,127.94999694824219,129.25,125.80000305175781,126.25,126.25,53557
2016-10-24,126.94999694824219,129.5500030517578,124.19999694824219,125.30000305175781,125.30000305175781,95984
2016-10-25,125.94999694824219,127.80000305175781,122.75,124.5,124.5,128874
2016-10-26,124.3499984741211,125.05000305175781,120.19999694824219,120.75,120.75,82277
2016-10-27,120.80000305175781,122.4000015258789,117.4000015258789,117.94999694824219,117.94999694824219,57934
2016-10-28,118.1500015258789,123.44999694824219,118.1500015258789,119.9000015258789,119.9000015258789,98224
2016-11-01,122.80000305175781,122.80000305175781,117.5,119.0,119.0,75672
2016-11-02,117.3499984741211,118.1500015258789,115.19999694824219,116.0999984741211,116.0999984741211,45578
2016-11-03,117.05000305175781,120.9000015258789,115.55000305175781,116.19999694824219,116.19999694824219,121286
2016-11-04,117.19999694824219,118.44999694824219,105.0999984741211,108.94999694824219,108.94999694824219,103857
2016-11-07,110.19999694824219,114.19999694824219,109.80000305175781,111.55000305175781,111.55000305175781,64390
2016-11-08,114.44999694824219,114.44999694824219,107.5999984741211,108.75,108.75,45365
2016-11-09,89.69999694824219,108.30000305175781,88.4000015258789,105.9000015258789,105.9000015258789,143536
2016-11-10,113.75,113.75,102.5999984741211,105.05000305175781,105.05000305175781,112340
2016-11-11,104.0,104.94999694824219,99.5,100.0,100.0,73788
2016-11-15,100.0,100.0,92.5,92.9000015258789,92.9000015258789,58630
2016-11-16,94.9000015258789,97.55000305175781,89.69999694824219,90.4000015258789,90.4000015258789,61030
2016-11-17,89.3499984741211,91.55000305175781,86.55000305175781,87.5,87.5,47638
2016-11-18,88.25,89.5,84.44999694824219,86.25,86.25,211023
2016-11-21,85.75,86.5,81.5,82.1500015258789,82.1500015258789,64869
2016-11-22,83.5,84.0,80.0999984741211,81.4000015258789,81.4000015258789,55915
2016-11-23,83.75,85.6500015258789,80.30000305175781,82.94999694824219,82.94999694824219,110076
2016-11-24,82.19999694824219,87.9000015258789,81.55000305175781,85.1500015258789,85.1500015258789,136776
2016-11-25,86.80000305175781,88.3499984741211,84.0,86.19999694824219,86.19999694824219,116299
2016-11-28,85.44999694824219,100.0,84.55000305175781,96.69999694824219,96.69999694824219,607252
2016-11-29,97.5,97.5,93.30000305175781,94.19999694824219,94.19999694824219,133488
2016-11-30,95.0,99.19999694824219,95.0,96.3499984741211,96.3499984741211,143029
2016-12-01,96.94999694824219,97.4000015258789,92.9000015258789,94.55000305175781,94.55000305175781,71611
2016-12-02,93.0,94.30000305175781,91.05000305175781,92.25,92.25,48124
2016-12-05,91.94999694824219,96.5999984741211,91.5,93.0,93.0,48353
2016-12-06,93.8499984741211,94.8499984741211,92.05000305175781,92.69999694824219,92.69999694824219,39469
2016-12-07,92.44999694824219,93.5,90.0999984741211,91.6500015258789,91.6500015258789,38422
2016-12-08,91.6500015258789,94.0,89.5999984741211,91.75,91.75,41452
2016-12-09,92.44999694824219,94.0,91.25,93.05000305175781,93.05000305175781,34480
2016-12-12,91.6500015258789,94.94999694824219,91.19999694824219,92.0999984741211,92.0999984741211,47679
2016-12-13,92.0999984741211,93.80000305175781,91.0999984741211,92.05000305175781,92.05000305175781,27151
2016-12-14,92.5,105.0,92.5,98.5999984741211,98.5999984741211,1003384
2016-12-15,99.69999694824219,104.25,97.0,102.94999694824219,102.94999694824219,245424
2016-12-16,102.05000305175781,103.44999694824219,98.0,99.25,99.25,82102
2016-12-19,101.30000305175781,110.25,98.0,106.94999694824219,106.94999694824219,731401
2016-12-20,107.25,110.9000015258789,104.3499984741211,105.8499984741211,105.8499984741211,186350
2016-12-21,106.55000305175781,108.0,104.30000305175781,105.5,105.5,84221
2016-12-22,105.5,105.9000015258789,99.3499984741211,100.1500015258789,100.1500015258789,102625
2016-12-23,100.8499984741211,101.8499984741211,95.19999694824219,96.0999984741211,96.0999984741211,111434
2016-12-26,94.6500015258789,95.69999694824219,92.55000305175781,92.94999694824219,92.94999694824219,65909
2016-12-27,93.19999694824219,95.0,92.25,93.5,93.5,63628
2016-12-28,93.5999984741211,97.30000305175781,93.55000305175781,94.25,94.25,51070
2016-12-29,94.0,95.75,93.94999694824219,95.4000015258789,95.4000015258789,56763
2016-12-30,95.0,99.69999694824219,95.0,96.55000305175781,96.55000305175781,80015
2017-01-02,97.3499984741211,98.30000305175781,96.05000305175781,96.94999694824219,96.94999694824219,45522
2017-01-03,97.4000015258789,99.4000015258789,97.25,97.75,97.75,48446
2017-01-04,98.05000305175781,106.69999694824219,98.0,103.75,103.75,357204
2017-01-05,104.0,107.1500015258789,103.5,105.19999694824219,105.19999694824219,180808
2017-01-06,106.0,106.0,102.0,102.5,102.5,82439
2017-01-09,102.80000305175781,104.5,102.25,102.5999984741211,102.5999984741211,39861
2017-01-10,103.0,104.5,102.30000305175781,102.9000015258789,102.9000015258789,45779
2017-01-11,102.5999984741211,106.0,102.44999694824219,103.0999984741211,103.0999984741211,122747
2017-01-12,103.6500015258789,104.1500015258789,101.3499984741211,102.0999984741211,102.0999984741211,73781
2017-01-13,103.1500015258789,103.19999694824219,100.0,100.5999984741211,100.5999984741211,67927
2017-01-16,101.75,101.94999694824219,99.75,100.05000305175781,100.05000305175781,57450
2017-01-17,100.5999984741211,109.4000015258789,100.5999984741211,105.1500015258789,105.1500015258789,874516
2017-01-18,105.19999694824219,107.5,104.0,105.9000015258789,105.9000015258789,102347
2017-01-19,105.4000015258789,106.5,102.69999694824219,103.6500015258789,103.6500015258789,48605
2017-01-20,103.1500015258789,104.5999984741211,102.0,102.94999694824219,102.94999694824219,80745
2017-01-23,102.6500015258789,111.0,102.6500015258789,107.0999984741211,107.0999984741211,671379
2017-01-24,107.05000305175781,109.44999694824219,105.5,107.05000305175781,107.05000305175781,186730
2017-01-25,107.30000305175781,108.4000015258789,104.30000305175781,104.6500015258789,104.6500015258789,80603
2017-01-27,104.69999694824219,109.55000305175781,104.6500015258789,107.5999984741211,107.5999984741211,268822
2017-01-30,108.5,111.0,106.19999694824219,107.30000305175781,107.30000305175781,137843
2017-01-31,106.69999694824219,108.25,104.0,104.94999694824219,104.94999694824219,56419
2017-02-01,104.1500015258789,106.80000305175781,102.3499984741211,105.8499984741211,105.8499984741211,54707
2017-02-02,105.9000015258789,107.3499984741211,103.80000305175781,104.44999694824219,104.44999694824219,45232
2017-02-03,104.9000015258789,106.6500015258789,104.05000305175781,104.8499984741211,104.8499984741211,46543
2017-02-06,106.0,106.0,104.69999694824219,105.4000015258789,105.4000015258789,43360
2017-02-07,106.25,106.4000015258789,104.3499984741211,104.80000305175781,104.80000305175781,44945
2017-02-08,104.80000305175781,105.94999694824219,103.0999984741211,104.0,104.0,39672
2017-02-09,98.5,102.0,98.5,99.94999694824219,99.94999694824219,142882
2017-02-10,99.05000305175781,103.9000015258789,99.05000305175781,100.3499984741211,100.3499984741211,83855
2017-02-13,100.8499984741211,101.80000305175781,98.0,98.4000015258789,98.4000015258789,45727
2017-02-14,99.0,99.5,97.0,97.4000015258789,97.4000015258789,36502
2017-02-15,97.4000015258789,99.69999694824219,94.5,95.5,95.5,54192
2017-02-16,95.5,104.0,93.80000305175781,95.5,95.5,98635
2017-02-17,96.44999694824219,106.4000015258789,96.0,103.55000305175781,103.55000305175781,910498
2017-02-20,103.0,107.80000305175781,101.80000305175781,105.8499984741211,105.8499984741211,343752
2017-02-21,106.6500015258789,108.0,105.30000305175781,106.69999694824219,106.69999694824219,141495
2017-02-22,106.75,107.94999694824219,102.5,103.0999984741211,103.0999984741211,87201
2017-02-23,106.0,107.5999984741211,103.5,104.69999694824219,104.69999694824219,154102
2017-02-27,104.30000305175781,106.05000305175781,101.5999984741211,102.19999694824219,102.19999694824219,70470
2017-02-28,102.69999694824219,103.5,101.5999984741211,102.30000305175781,102.30000305175781,33320
2017-03-01,104.5999984741211,104.5999984741211,101.69999694824219,102.0,102.0,40661
2017-03-02,104.5999984741211,104.5999984741211,99.5999984741211,100.05000305175781,100.05000305175781,50481
2017-03-03,99.6500015258789,102.5,98.80000305175781,100.4000015258789,100.4000015258789,63835
2017-03-06,101.30000305175781,101.80000305175781,99.80000305175781,100.1500015258789,100.1500015258789,36755
2017-03-07,99.5,103.0,99.4000015258789,100.5,100.5,61104
2017-03-08,101.0,101.55000305175781,99.25,99.75,99.75,30639
2017-03-09,98.69999694824219,100.5999984741211,98.69999694824219,99.3499984741211,99.3499984741211,27090
2017-03-10,98.6500015258789,100.05000305175781,98.0,98.30000305175781,98.30000305175781,23078
2017-03-14,102.0999984741211,102.0999984741211,98.1500015258789,98.3499984741211,98.3499984741211,40831
2017-03-15,99.55000305175781,99.69999694824219,96.5999984741211,97.0999984741211,97.0999984741211,38812
2017-03-16,99.80000305175781,104.5,99.3499984741211,102.80000305175781,102.80000305175781,390216
2017-03-17,103.05000305175781,103.05000305175781,99.80000305175781,100.69999694824219,100.69999694824219,80282
2017-03-20,100.44999694824219,102.69999694824219,99.5,101.55000305175781,101.55000305175781,55151
2017-03-21,102.25,102.6500015258789,99.80000305175781,100.94999694824219,100.94999694824219,59604
2017-03-22,100.0,101.4000015258789,98.05000305175781,98.94999694824219,98.94999694824219,45564
2017-03-23,99.8499984741211,100.9000015258789,99.05000305175781,99.3499984741211,99.3499984741211,36174
2017-03-24,99.3499984741211,99.75,98.69999694824219,98.9000015258789,98.9000015258789,55958
2017-03-27,99.19999694824219,100.0,98.0,98.19999694824219,98.19999694824219,32810
2017-03-28,99.4000015258789,99.94999694824219,98.0,98.4000015258789,98.4000015258789,44797
2017-03-29,99.5999984741211,99.5999984741211,97.5,97.5999984741211,97.5999984741211,43260
2017-03-30,97.1500015258789,98.55000305175781,97.0,97.5999984741211,97.5999984741211,36992
2017-03-31,97.9000015258789,98.19999694824219,97.0,97.6500015258789,97.6500015258789,46721
2017-04-03,99.0,103.80000305175781,98.0,103.1500015258789,103.1500015258789,207047
2017-04-05,103.05000305175781,105.9000015258789,103.0,103.6500015258789,103.6500015258789,136161
2017-04-06,103.8499984741211,104.9000015258789,101.0,102.4000015258789,102.4000015258789,61966
2017-04-07,103.0,104.0,102.0999984741211,102.5999984741211,102.5999984741211,48920
2017-04-10,101.25,103.75,101.05000305175781,102.80000305175781,102.80000305175781,47859
2017-04-11,102.80000305175781,103.75,101.44999694824219,102.69999694824219,102.69999694824219,41786
2017-04-12,104.0,104.0,100.55000305175781,101.44999694824219,101.44999694824219,35647
2017-04-13,101.44999694824219,105.0,100.55000305175781,101.6500015258789,101.6500015258789,102056
2017-04-17,101.8499984741211,110.69999694824219,101.1500015258789,108.30000305175781,108.30000305175781,546174
2017-04-18,108.94999694824219,112.05000305175781,103.5,104.05000305175781,104.05000305175781,257322
2017-04-19,104.5999984741211,107.80000305175781,103.80000305175781,105.94999694824219,105.94999694824219,110529
2017-04-20,106.80000305175781,109.80000305175781,105.25,107.0999984741211,107.0999984741211,124528
2017-04-21,107.6500015258789,116.9000015258789,107.6500015258789,112.30000305175781,112.30000305175781,646143
2017-04-24,113.44999694824219,113.80000305175781,110.0999984741211,111.05000305175781,111.05000305175781,98172
2017-04-25,111.9000015258789,112.44999694824219,108.0,108.5999984741211,108.5999984741211,79780
2017-04-26,108.05000305175781,109.80000305175781,104.69999694824219,105.69999694824219,105.69999694824219,65188
2017-04-27,106.05000305175781,106.69999694824219,104.80000305175781,105.4000015258789,105.4000015258789,47666
2017-04-28,106.0,114.3499984741211,104.0,104.55000305175781,104.55000305175781,73211
2017-05-02,109.80000305175781,109.80000305175781,104.19999694824219,105.1500015258789,105.1500015258789,40351
2017-05-03,105.0999984741211,105.5999984741211,103.69999694824219,104.1500015258789,104.1500015258789,26800
2017-05-04,104.94999694824219,105.8499984741211,101.0,101.94999694824219,101.94999694824219,60273
2017-05-05,103.0,104.9000015258789,100.0,104.0999984741211,104.0999984741211,70618
2017-05-08,103.69999694824219,104.05000305175781,102.0999984741211,102.8499984741211,102.8499984741211,39473
2017-05-09,103.30000305175781,106.3499984741211,102.05000305175781,104.55000305175781,104.55000305175781,66230
2017-05-10,104.5999984741211,105.8499984741211,102.19999694824219,103.1500015258789,103.1500015258789,33204
2017-05-11,102.94999694824219,103.94999694824219,102.25,102.44999694824219,102.44999694824219,33147
2017-05-12,102.44999694824219,108.80000305175781,102.25,105.8499984741211,105.8499984741211,302946
2017-05-15,106.94999694824219,108.05000305175781,105.9000015258789,106.44999694824219,106.44999694824219,65906
2017-05-16,107.4000015258789,107.4000015258789,103.3499984741211,104.1500015258789,104.1500015258789,53203
2017-05-17,104.0999984741211,107.94999694824219,104.0999984741211,105.4000015258789,105.4000015258789,57681
2017-05-18,103.55000305175781,105.4000015258789,102.0999984741211,102.4000015258789,102.4000015258789,33958
2017-05-19,102.25,104.5,100.69999694824219,101.5,101.5,35618
2017-05-22,103.0,103.1500015258789,99.5999984741211,100.25,100.25,29932
2017-05-23,101.44999694824219,101.44999694824219,95.94999694824219,98.4000015258789,98.4000015258789,48965
2017-05-24,98.8499984741211,98.8499984741211,94.69999694824219,95.30000305175781,95.30000305175781,36204
2017-05-25,94.5999984741211,99.0999984741211,92.6500015258789,96.5,96.5,92164
2017-05-26,95.94999694824219,98.4000015258789,95.94999694824219,97.0999984741211,97.0999984741211,40689
2017-05-29,97.0,97.0,93.25,93.9000015258789,93.9000015258789,30426
2017-05-30,94.5999984741211,97.80000305175781,93.1500015258789,93.5999984741211,93.5999984741211,40660
2017-05-31,95.0,101.8499984741211,94.6500015258789,97.44999694824219,97.44999694824219,173409
2017-06-01,97.8499984741211,101.0,97.0,98.55000305175781,98.55000305175781,67553
2017-06-02,98.9000015258789,99.69999694824219,93.25,94.55000305175781,94.55000305175781,87781
2017-06-05,95.80000305175781,95.9000015258789,94.0,94.80000305175781,94.80000305175781,48115
2017-06-06,95.30000305175781,95.94999694824219,93.6500015258789,95.0999984741211,95.0999984741211,38504
2017-06-07,96.25,96.55000305175781,94.44999694824219,95.0999984741211,95.0999984741211,28470
2017-06-08,95.0999984741211,95.8499984741211,93.25,94.4000015258789,94.4000015258789,28728
2017-06-09,94.9000015258789,97.0,94.9000015258789,95.69999694824219,95.69999694824219,58248
2017-06-12,96.4000015258789,96.4000015258789,94.75,95.5999984741211,95.5999984741211,38069
2017-06-13,96.1500015258789,96.3499984741211,94.4000015258789,94.75,94.75,30335
2017-06-14,94.80000305175781,95.30000305175781,93.5999984741211,94.05000305175781,94.05000305175781,39770
2017-06-15,94.0999984741211,96.94999694824219,94.05000305175781,95.5999984741211,95.5999984741211,40245
2017-06-16,94.75,96.6500015258789,94.0999984741211,94.30000305175781,94.30000305175781,44047
2017-06-19,95.0,96.0,94.05000305175781,94.6500015258789,94.6500015258789,31501
2017-06-20,94.8499984741211,102.4000015258789,94.30000305175781,99.19999694824219,99.19999694824219,261984
2017-06-21,99.94999694824219,99.94999694824219,95.69999694824219,96.4000015258789,96.4000015258789,56535
2017-06-22,96.0999984741211,96.55000305175781,94.80000305175781,95.0999984741211,95.0999984741211,39825
2017-06-23,95.25,95.25,93.25,93.94999694824219,93.94999694824219,37612
2017-06-27,94.3499984741211,94.94999694824219,90.25,91.4000015258789,91.4000015258789,38130
2017-06-28,90.0,91.94999694824219,89.8499984741211,90.8499984741211,90.8499984741211,38170
2017-06-29,91.4000015258789,93.25,91.4000015258789,91.80000305175781,91.80000305175781,29160
2017-06-30,91.44999694824219,93.9000015258789,91.05000305175781,91.80000305175781,91.80000305175781,31715
2017-07-03,92.9000015258789,94.5,92.9000015258789,94.0999984741211,94.0999984741211,29656
2017-07-04,94.0,95.69999694824219,93.19999694824219,94.3499984741211,94.3499984741211,36683
2017-07-05,94.30000305175781,97.9000015258789,93.6500015258789,94.5,94.5,77395
2017-07-06,94.0,95.69999694824219,93.9000015258789,94.0999984741211,94.0999984741211,46234
2017-07-07,94.5999984741211,95.30000305175781,93.75,94.0999984741211,94.0999984741211,36044
2017-07-10,94.0999984741211,95.0,93.69999694824219,94.5999984741211,94.5999984741211,4922
2017-07-11,94.5999984741211,95.80000305175781,93.44999694824219,93.8499984741211,93.8499984741211,26507
2017-07-12,94.55000305175781,95.5,93.3499984741211,93.94999694824219,93.94999694824219,50963
2017-07-13,94.80000305175781,95.5999984741211,93.5999984741211,94.4000015258789,94.4000015258789,52451
2017-07-14,93.8499984741211,95.19999694824219,92.5999984741211,93.0,93.0,38752
2017-07-17,91.5999984741211,94.05000305175781,91.5999984741211,93.05000305175781,93.05000305175781,42402
2017-07-18,92.94999694824219,93.8499984741211,92.3499984741211,93.05000305175781,93.05000305175781,29583
2017-07-19,94.05000305175781,96.44999694824219,93.5999984741211,94.25,94.25,44053
2017-07-20,94.30000305175781,96.30000305175781,94.0,94.25,94.25,31129
2017-07-21,94.75,95.3499984741211,92.8499984741211,93.5,93.5,29833
2017-07-24,93.9000015258789,95.5,90.75,91.25,91.25,89858
2017-07-25,91.69999694824219,94.0,91.1500015258789,91.94999694824219,91.94999694824219,62415
2017-07-26,91.3499984741211,92.9000015258789,91.1500015258789,91.94999694824219,91.94999694824219,35986
2017-07-27,92.05000305175781,92.75,90.44999694824219,90.6500015258789,90.6500015258789,32585
2017-07-28,90.75,92.3499984741211,90.75,91.3499984741211,91.3499984741211,28362
2017-07-31,91.5,109.5999984741211,91.5,109.5999984741211,109.5999984741211,2188198
2017-08-01,112.75,121.69999694824219,105.19999694824219,114.6500015258789,114.6500015258789,3181478
2017-08-02,114.69999694824219,114.80000305175781,109.3499984741211,111.1500015258789,111.1500015258789,655681
2017-08-03,111.0,115.94999694824219,110.0999984741211,111.5,111.5,299625
2017-08-04,111.0999984741211,113.55000305175781,107.0,107.80000305175781,107.80000305175781,131527
2017-08-07,108.30000305175781,111.8499984741211,105.0,108.5,108.5,143025
2017-08-08,109.0,110.69999694824219,103.30000305175781,104.5999984741211,104.5999984741211,90580
2017-08-09,102.0999984741211,106.5,95.5999984741211,96.80000305175781,96.80000305175781,171178
2017-08-10,96.0,97.80000305175781,92.0,92.94999694824219,92.94999694824219,139480
2017-08-11,91.0,94.4000015258789,90.0,91.0999984741211,91.0999984741211,70930
2017-08-14,92.0999984741211,96.80000305175781,92.0999984741211,93.9000015258789,93.9000015258789,58820
2017-08-16,94.5,96.6500015258789,94.0,94.69999694824219,94.69999694824219,57017
2017-08-17,95.1500015258789,96.80000305175781,94.0999984741211,94.5999984741211,94.5999984741211,55775
2017-08-18,92.5,94.19999694824219,91.4000015258789,91.69999694824219,91.69999694824219,107157
2017-08-21,92.5,93.1500015258789,88.0999984741211,88.25,88.25,162028
2017-08-22,88.5,92.75,88.5,91.30000305175781,91.30000305175781,116755
2017-08-23,92.94999694824219,93.0,91.0,92.4000015258789,92.4000015258789,53566
2017-08-24,92.19999694824219,101.5,90.94999694824219,97.5999984741211,97.5999984741211,426365
2017-08-28,98.0,101.5999984741211,95.80000305175781,97.69999694824219,97.69999694824219,95103
2017-08-29,98.4000015258789,98.4000015258789,94.5999984741211,95.19999694824219,95.19999694824219,55864
2017-08-30,95.19999694824219,97.25,95.19999694824219,96.0,96.0,35539
2017-08-31,96.5,99.5,96.5,98.25,98.25,86883
2017-09-01,98.05000305175781,105.55000305175781,97.0,102.19999694824219,102.19999694824219,471670
2017-09-04,101.0,102.5,97.0,97.3499984741211,97.3499984741211,103241
2017-09-05,97.30000305175781,104.25,97.30000305175781,100.75,100.75,172243
2017-09-06,98.6500015258789,100.9000015258789,97.5,97.94999694824219,97.94999694824219,70336
2017-09-07,98.05000305175781,101.4000015258789,95.0,96.25,96.25,147357
2017-09-08,97.30000305175781,98.9000015258789,96.0999984741211,96.80000305175781,96.80000305175781,56019
2017-09-11,95.69999694824219,98.19999694824219,95.69999694824219,96.30000305175781,96.30000305175781,52665
2017-09-12,97.0,99.4000015258789,96.5,97.0,97.0,67813
2017-09-13,98.0,100.0,95.19999694824219,96.30000305175781,96.30000305175781,105435
2017-09-14,96.3499984741211,98.9000015258789,96.3499984741211,96.8499984741211,96.8499984741211,43358
2017-09-15,96.8499984741211,96.94999694824219,95.30000305175781,95.6500015258789,95.6500015258789,52106
2017-09-18,96.69999694824219,98.1500015258789,95.30000305175781,95.8499984741211,95.8499984741211,44653
2017-09-19,96.9000015258789,103.94999694824219,96.0,100.0,100.0,367911
2017-09-20,100.94999694824219,108.9000015258789,98.19999694824219,104.69999694824219,104.69999694824219,728895
2017-09-21,105.30000305175781,109.44999694824219,101.0999984741211,106.5999984741211,106.5999984741211,336208
2017-09-22,106.5,109.0999984741211,103.5,104.30000305175781,104.30000305175781,239855
2017-09-25,104.80000305175781,104.8499984741211,95.5,99.5999984741211,99.5999984741211,107957
2017-09-26,99.8499984741211,102.80000305175781,98.5,100.6500015258789,100.6500015258789,74130
2017-09-27,102.1500015258789,102.6500015258789,97.19999694824219,98.19999694824219,98.19999694824219,58329
2017-09-28,97.69999694824219,99.94999694824219,97.30000305175781,97.8499984741211,97.8499984741211,55925
2017-09-29,99.0,99.80000305175781,96.5,97.19999694824219,97.19999694824219,63771
2017-10-03,98.0,98.75,96.3499984741211,96.5999984741211,96.5999984741211,49923
2017-10-04,96.5999984741211,101.5,96.5999984741211,98.6500015258789,98.6500015258789,84876
2017-10-05,98.6500015258789,101.4000015258789,98.19999694824219,98.80000305175781,98.80000305175781,77646
2017-10-06,99.1500015258789,104.05000305175781,98.94999694824219,101.4000015258789,101.4000015258789,184700
2017-10-09,102.94999694824219,109.5999984741211,102.5999984741211,105.8499984741211,105.8499984741211,367127
2017-10-10,105.19999694824219,106.5999984741211,103.0,104.0,104.0,67450
2017-10-11,104.80000305175781,108.5,102.69999694824219,104.8499984741211,104.8499984741211,186261
2017-10-12,105.75,107.94999694824219,104.44999694824219,105.8499984741211,105.8499984741211,104534
2017-10-13,106.44999694824219,107.05000305175781,103.3499984741211,104.0,104.0,61827
2017-10-16,102.5,106.9000015258789,102.5,104.19999694824219,104.19999694824219,94842
2017-10-17,104.05000305175781,104.1500015258789,103.0,103.5,103.5,34627
2017-10-18,103.5,104.19999694824219,101.5,102.3499984741211,102.3499984741211,43283
2017-10-19,103.6500015258789,103.6500015258789,102.25,102.75,102.75,17960
2017-10-23,103.5,103.5,100.0999984741211,101.05000305175781,101.05000305175781,46845
2017-10-24,102.0,102.80000305175781,98.5,100.25,100.25,69804
2017-10-25,101.69999694824219,104.3499984741211,100.0999984741211,100.94999694824219,100.94999694824219,71598
2017-10-26,98.5999984741211,103.05000305175781,98.5999984741211,101.4000015258789,101.4000015258789,58241
2017-10-27,100.5,108.5,100.5,104.55000305175781,104.55000305175781,246608
2017-10-30,104.55000305175781,105.80000305175781,103.19999694824219,103.5999984741211,103.5999984741211,52148
2017-10-31,103.55000305175781,107.8499984741211,102.80000305175781,105.5999984741211,105.5999984741211,115958
2017-11-01,104.94999694824219,108.69999694824219,103.25,104.05000305175781,104.05000305175781,78267
2017-11-02,103.0,107.30000305175781,103.0,105.6500015258789,105.6500015258789,76474
2017-11-03,105.80000305175781,106.4000015258789,104.0,104.19999694824219,104.19999694824219,69799
2017-11-06,105.0,105.0,102.30000305175781,102.5999984741211,102.5999984741211,58225
2017-11-07,104.05000305175781,106.5,101.19999694824219,102.19999694824219,102.19999694824219,82457
2017-11-08,103.6500015258789,105.80000305175781,101.0,101.5999984741211,101.5999984741211,48417
2017-11-09,103.0999984741211,103.1500015258789,101.19999694824219,101.8499984741211,101.8499984741211,24215
2017-11-10,100.4000015258789,104.0,100.4000015258789,101.8499984741211,101.8499984741211,52706
2017-11-13,102.0,103.0,101.0,101.44999694824219,101.44999694824219,13685
2017-11-14,100.94999694824219,102.3499984741211,100.30000305175781,100.80000305175781,100.80000305175781,12399
2017-11-15,100.69999694824219,101.4000015258789,97.05000305175781,97.8499984741211,97.8499984741211,31956
2017-11-16,98.9000015258789,99.5,96.80000305175781,97.8499984741211,97.8499984741211,24853
2017-11-17,99.5,100.75,98.30000305175781,98.69999694824219,98.69999694824219,23350
2017-11-20,99.5999984741211,107.0,98.8499984741211,106.6500015258789,106.6500015258789,264108
2017-11-21,107.0,107.69999694824219,103.0,104.19999694824219,104.19999694824219,52356
2017-11-22,103.75,105.0,102.44999694824219,102.80000305175781,102.80000305175781,31681
2017-11-23,102.1500015258789,105.75,102.1500015258789,102.9000015258789,102.9000015258789,33798
2017-11-24,104.4000015258789,104.4000015258789,101.5,102.1500015258789,102.1500015258789,41150
2017-11-27,102.0,106.5,101.1500015258789,105.44999694824219,105.44999694824219,128343
2017-11-28,105.44999694824219,107.4000015258789,103.69999694824219,104.80000305175781,104.80000305175781,74540
2017-11-29,104.80000305175781,107.19999694824219,103.69999694824219,104.55000305175781,104.55000305175781,58146
2017-11-30,104.0,105.6500015258789,101.80000305175781,102.5999984741211,102.5999984741211,36649
2017-12-01,103.4000015258789,114.0,103.19999694824219,107.05000305175781,107.05000305175781,647534
2017-12-04,108.0,111.5,104.3499984741211,105.44999694824219,105.44999694824219,214383
2017-12-05,105.0,106.75,103.0,105.1500015258789,105.1500015258789,85546
2017-12-06,105.0,108.9000015258789,104.3499984741211,106.1500015258789,106.1500015258789,105672
2017-12-07,106.44999694824219,110.0999984741211,105.9000015258789,106.4000015258789,106.4000015258789,81483
2017-12-08,104.0,105.8499984741211,103.0,103.19999694824219,103.19999694824219,77889
2017-12-11,104.0,105.5,103.19999694824219,103.75,103.75,42914
2017-12-12,104.30000305175781,105.69999694824219,101.5,101.94999694824219,101.94999694824219,95203
2017-12-13,103.3499984741211,104.0,99.55000305175781,100.0999984741211,100.0999984741211,82919
2017-12-14,100.44999694824219,101.3499984741211,98.6500015258789,100.1500015258789,100.1500015258789,47785
2017-12-15,102.44999694824219,102.5,99.9000015258789,100.55000305175781,100.55000305175781,45771
2017-12-18,100.9000015258789,103.5,97.4000015258789,100.75,100.75,48945
2017-12-19,101.44999694824219,103.5,101.3499984741211,101.8499984741211,101.8499984741211,44260
2017-12-20,102.80000305175781,105.5,102.05000305175781,102.5999984741211,102.5999984741211,66958
2017-12-21,102.30000305175781,104.5,102.19999694824219,103.30000305175781,103.30000305175781,45728
2017-12-22,104.0,105.1500015258789,102.19999694824219,102.69999694824219,102.69999694824219,59349
2017-12-26,103.05000305175781,104.3499984741211,102.30000305175781,102.75,102.75,50315
2017-12-27,102.19999694824219,106.0,102.19999694824219,103.80000305175781,103.80000305175781,114284
2017-12-28,104.5999984741211,104.94999694824219,102.69999694824219,103.3499984741211,103.3499984741211,51989
2017-12-29,104.3499984741211,104.8499984741211,102.0,102.5,102.5,43945
2018-01-01,103.94999694824219,104.75,103.0,103.9000015258789,103.9000015258789,55089
2018-01-02,104.0,104.80000305175781,102.25,103.25,103.25,32187
2018-01-03,103.19999694824219,104.44999694824219,102.55000305175781,103.75,103.75,47932
2018-01-04,104.3499984741211,108.0,103.80000305175781,104.75,104.75,140407
2018-01-05,105.5,106.80000305175781,104.4000015258789,105.0,105.0,54903
2018-01-08,107.80000305175781,126.0,107.05000305175781,125.44999694824219,125.44999694824219,2049655
2018-01-09,125.0,125.5,118.0999984741211,118.9000015258789,118.9000015258789,692448
2018-01-10,118.9000015258789,124.0,118.0,118.6500015258789,118.6500015258789,313941
2018-01-11,118.1500015258789,122.80000305175781,118.1500015258789,119.0999984741211,119.0999984741211,166084
2018-01-12,119.69999694824219,122.80000305175781,111.6500015258789,116.55000305175781,116.55000305175781,143789
2018-01-15,102.55000305175781,106.0,95.80000305175781,99.1500015258789,99.1500015258789,1900133
2018-01-16,99.75,104.80000305175781,99.5,100.75,100.75,629128
2018-01-17,100.80000305175781,101.5,97.80000305175781,98.3499984741211,98.3499984741211,152551
2018-01-18,99.6500015258789,101.25,95.5,96.55000305175781,96.55000305175781,147075
2018-01-19,96.5999984741211,96.80000305175781,92.69999694824219,93.94999694824219,93.94999694824219,153383
2018-01-22,92.5999984741211,95.9000015258789,92.25,93.25,93.25,91443
2018-01-23,93.30000305175781,97.0,93.19999694824219,94.19999694824219,94.19999694824219,145088
2018-01-24,93.0999984741211,94.5999984741211,93.0999984741211,93.8499984741211,93.8499984741211,36924
2018-01-25,93.0999984741211,94.19999694824219,93.0999984741211,93.44999694824219,93.44999694824219,43120
2018-01-29,93.5,94.05000305175781,90.25,90.6500015258789,90.6500015258789,76712
2018-01-30,90.05000305175781,90.9000015258789,88.1500015258789,88.80000305175781,88.80000305175781,59996
2018-01-31,88.5999984741211,91.69999694824219,87.0,88.8499984741211,88.8499984741211,58736
2018-02-01,89.44999694824219,90.55000305175781,87.19999694824219,88.0,88.0,45532
2018-02-02,88.0,88.19999694824219,83.0,84.9000015258789,84.9000015258789,74208
2018-02-05,84.75,84.75,77.5999984741211,80.3499984741211,80.3499984741211,122349
2018-02-06,77.5999984741211,77.9000015258789,74.30000305175781,76.0999984741211,76.0999984741211,108219
2018-02-07,76.9000015258789,81.30000305175781,76.9000015258789,78.80000305175781,78.80000305175781,74268
2018-02-08,79.4000015258789,81.4000015258789,78.0,79.94999694824219,79.94999694824219,95013
2018-02-09,78.0,81.5,76.94999694824219,79.8499984741211,79.8499984741211,57032
2018-02-12,80.19999694824219,84.5999984741211,80.19999694824219,83.0999984741211,83.0999984741211,78764
2018-02-14,83.0,86.30000305175781,83.0,84.9000015258789,84.9000015258789,65845
2018-02-15,85.0999984741211,86.1500015258789,82.05000305175781,82.5,82.5,36728
2018-02-16,82.44999694824219,84.5,78.0,78.8499984741211,78.8499984741211,60657
2018-02-19,79.9000015258789,81.05000305175781,74.25,75.5,75.5,77338
2018-02-20,76.0,77.80000305175781,75.5,76.4000015258789,76.4000015258789,27441
2018-02-21,76.94999694824219,79.69999694824219,75.5,77.44999694824219,77.44999694824219,42380
2018-02-22,75.30000305175781,78.94999694824219,75.30000305175781,77.55000305175781,77.55000305175781,29002
2018-02-23,78.5999984741211,79.44999694824219,77.0,77.55000305175781,77.55000305175781,27384
2018-02-26,78.55000305175781,79.4000015258789,77.0,77.5999984741211,77.5999984741211,31031
2018-02-27,77.3499984741211,78.1500015258789,76.0,76.25,76.25,30077
2018-02-28,76.25,77.5,75.5,77.0999984741211,77.0999984741211,24009
2018-03-01,77.19999694824219,78.0,75.5,76.0,76.0,18773
2018-03-05,76.0999984741211,76.3499984741211,72.3499984741211,74.30000305175781,74.30000305175781,28484
2018-03-06,75.3499984741211,76.4000015258789,72.4000015258789,72.8499984741211,72.8499984741211,25629
2018-03-07,72.55000305175781,72.8499984741211,66.1500015258789,68.19999694824219,68.19999694824219,42928
2018-03-08,67.30000305175781,69.8499984741211,63.75,64.0999984741211,64.0999984741211,72965
2018-03-09,64.0999984741211,64.94999694824219,62.0,62.400001525878906,62.400001525878906,69087
2018-03-12,61.20000076293945,63.599998474121094,61.20000076293945,61.79999923706055,61.79999923706055,54753
2018-03-13,61.5,64.0,61.5,62.79999923706055,62.79999923706055,58616
2018-03-14,62.95000076293945,62.95000076293945,61.5,62.20000076293945,62.20000076293945,45265
2018-03-15,61.650001525878906,74.5999984741211,61.650001525878906,74.5999984741211,74.5999984741211,346087
2018-03-16,77.55000305175781,79.75,69.5999984741211,71.3499984741211,71.3499984741211,447616
2018-03-19,75.5999984741211,75.5999984741211,64.4000015258789,67.44999694824219,67.44999694824219,190969
2018-03-20,67.0,78.9000015258789,65.0999984741211,75.55000305175781,75.55000305175781,1221725
2018-03-21,75.05000305175781,77.30000305175781,73.1500015258789,74.30000305175781,74.30000305175781,388700
2018-03-22,73.75,77.80000305175781,73.6500015258789,74.19999694824219,74.19999694824219,193534
2018-03-23,72.19999694824219,72.19999694824219,68.19999694824219,69.19999694824219,69.19999694824219,145352
2018-03-26,69.8499984741211,70.69999694824219,66.0999984741211,67.80000305175781,67.80000305175781,108010
2018-03-27,68.8499984741211,71.5,67.69999694824219,67.94999694824219,67.94999694824219,89631
2018-03-28,68.0,68.5,64.9000015258789,65.44999694824219,65.44999694824219,73772
2018-04-02,65.0999984741211,73.5,65.0999984741211,71.30000305175781,71.30000305175781,203567
2018-04-03,70.3499984741211,73.44999694824219,69.4000015258789,72.25,72.25,86827
2018-04-04,72.05000305175781,73.9000015258789,69.55000305175781,70.30000305175781,70.30000305175781,77209
2018-04-05,71.3499984741211,72.9000015258789,70.30000305175781,70.9000015258789,70.9000015258789,84453
2018-04-06,71.80000305175781,72.80000305175781,69.19999694824219,70.44999694824219,70.44999694824219,65021
2018-04-09,71.44999694824219,72.69999694824219,70.8499984741211,71.3499984741211,71.3499984741211,30554
2018-04-10,71.94999694824219,73.69999694824219,70.4000015258789,71.44999694824219,71.44999694824219,48336
2018-04-11,71.9000015258789,72.9000015258789,70.5999984741211,70.8499984741211,70.8499984741211,25223
2018-04-12,70.5999984741211,71.4000015258789,68.94999694824219,69.55000305175781,69.55000305175781,32803
2018-04-13,70.19999694824219,70.9000015258789,68.94999694824219,69.3499984741211,69.3499984741211,37094
2018-04-16,68.8499984741211,70.19999694824219,68.0,68.6500015258789,68.6500015258789,31932
2018-04-17,68.80000305175781,72.5,68.44999694824219,71.3499984741211,71.3499984741211,97828
2018-04-18,71.55000305175781,72.9000015258789,70.94999694824219,71.6500015258789,71.6500015258789,50287
2018-04-19,71.8499984741211,81.5999984741211,71.0,76.3499984741211,76.3499984741211,585999
2018-04-20,76.4000015258789,76.4000015258789,71.19999694824219,72.8499984741211,72.8499984741211,89887
2018-04-23,72.4000015258789,75.80000305175781,72.05000305175781,74.1500015258789,74.1500015258789,85419
2018-04-24,74.44999694824219,75.5,71.69999694824219,72.25,72.25,57589
2018-04-25,72.25,73.5,70.9000015258789,71.30000305175781,71.30000305175781,30553
2018-04-26,71.75,72.8499984741211,70.5,71.05000305175781,71.05000305175781,36000
2018-04-27,71.55000305175781,73.75,70.25,70.9000015258789,70.9000015258789,58000
2018-04-30,71.55000305175781,71.5999984741211,68.0,68.80000305175781,68.80000305175781,56966
2018-05-02,69.8499984741211,70.44999694824219,67.5,67.80000305175781,67.80000305175781,43189
2018-05-03,67.6500015258789,68.3499984741211,66.0,66.4000015258789,66.4000015258789,32870
2018-05-04,65.19999694824219,68.9000015258789,65.19999694824219,66.75,66.75,48309
2018-05-07,68.94999694824219,69.0,67.19999694824219,68.0,68.0,33256
2018-05-08,68.05000305175781,68.55000305175781,67.1500015258789,67.55000305175781,67.55000305175781,24783
2018-05-09,67.44999694824219,68.69999694824219,67.25,67.5,67.5,23304
2018-05-10,68.0999984741211,71.55000305175781,67.5,67.9000015258789,67.9000015258789,87229
2018-05-11,68.9000015258789,68.9000015258789,66.1500015258789,66.75,66.75,25548
2018-05-14,67.25,67.25,64.0999984741211,64.94999694824219,64.94999694824219,34437
2018-05-15,65.0,67.80000305175781,64.5,65.55000305175781,65.55000305175781,22243
2018-05-16,65.5,65.5,61.400001525878906,63.099998474121094,63.099998474121094,37820
2018-05-17,63.95000076293945,64.19999694824219,62.0,63.150001525878906,63.150001525878906,25789
2018-05-18,64.19999694824219,64.94999694824219,58.5,59.849998474121094,59.849998474121094,45640
2018-05-21,58.0,60.79999923706055,57.849998474121094,58.20000076293945,58.20000076293945,18902
2018-05-22,58.95000076293945,61.70000076293945,57.5,58.599998474121094,58.599998474121094,35231
2018-05-23,59.45000076293945,60.599998474121094,58.0,59.349998474121094,59.349998474121094,26195
2018-05-24,59.900001525878906,60.400001525878906,59.150001525878906,59.400001525878906,59.400001525878906,20301
2018-05-25,59.349998474121094,61.5,58.54999923706055,59.79999923706055,59.79999923706055,32782
2018-05-28,59.79999923706055,64.9000015258789,59.79999923706055,63.900001525878906,63.900001525878906,87507
2018-05-29,62.400001525878906,63.75,61.099998474121094,62.20000076293945,62.20000076293945,30149
2018-05-30,62.099998474121094,62.599998474121094,60.0,60.400001525878906,60.400001525878906,25487
2018-05-31,60.650001525878906,61.70000076293945,59.25,59.95000076293945,59.95000076293945,23398
2018-06-01,60.79999923706055,61.349998474121094,58.0,58.29999923706055,58.29999923706055,24017
2018-06-04,59.79999923706055,59.79999923706055,55.70000076293945,56.54999923706055,56.54999923706055,24730
2018-06-05,56.900001525878906,56.900001525878906,51.400001525878906,52.150001525878906,52.150001525878906,45352
2018-06-06,53.04999923706055,54.349998474121094,49.400001525878906,53.349998474121094,53.349998474121094,51244
2018-06-07,53.099998474121094,55.599998474121094,52.599998474121094,54.0,54.0,38354
2018-06-08,52.400001525878906,55.25,52.400001525878906,53.54999923706055,53.54999923706055,28524
2018-06-11,53.5,58.79999923706055,53.5,55.599998474121094,55.599998474121094,55780
2018-06-12,55.099998474121094,57.5,53.599998474121094,56.54999923706055,56.54999923706055,43636
2018-06-13,56.79999923706055,61.0,56.099998474121094,57.25,57.25,84218
2018-06-14,57.349998474121094,59.70000076293945,57.25,58.349998474121094,58.349998474121094,45385
2018-06-15,59.400001525878906,63.0,58.20000076293945,60.75,60.75,240301
2018-06-18,60.150001525878906,61.79999923706055,58.0,58.900001525878906,58.900001525878906,40220
2018-06-19,58.150001525878906,59.900001525878906,57.29999923706055,57.599998474121094,57.599998474121094,31419
2018-06-20,57.849998474121094,58.5,56.349998474121094,56.849998474121094,56.849998474121094,22019
2018-06-21,56.900001525878906,57.70000076293945,55.650001525878906,56.0,56.0,23229
2018-06-22,55.79999923706055,56.400001525878906,53.099998474121094,54.650001525878906,54.650001525878906,28605
2018-06-25,54.70000076293945,55.650001525878906,53.79999923706055,54.25,54.25,20903
2018-06-26,54.25,54.70000076293945,50.54999923706055,51.70000076293945,51.70000076293945,39315
2018-06-27,51.70000076293945,52.599998474121094,48.20000076293945,48.70000076293945,48.70000076293945,39372
2018-06-28,48.5,50.25,46.599998474121094,49.29999923706055,49.29999923706055,32045
2018-06-29,49.25,51.20000076293945,48.849998474121094,49.900001525878906,49.900001525878906,33695
2018-07-02,50.5,51.04999923706055,49.04999923706055,49.5,49.5,15935
2018-07-03,50.0,50.900001525878906,48.70000076293945,49.150001525878906,49.150001525878906,24997
2018-07-04,50.400001525878906,51.54999923706055,49.099998474121094,50.04999923706055,50.04999923706055,32735
2018-07-05,49.849998474121094,50.20000076293945,48.150001525878906,48.70000076293945,48.70000076293945,27601
2018-07-06,50.5,50.5,48.20000076293945,48.599998474121094,48.599998474121094,34054
2018-07-09,49.150001525878906,51.599998474121094,48.79999923706055,50.29999923706055,50.29999923706055,28345
2018-07-10,51.0,51.70000076293945,49.79999923706055,50.349998474121094,50.349998474121094,40634
2018-07-11,50.45000076293945,50.95000076293945,49.099998474121094,49.900001525878906,49.900001525878906,19490
2018-07-12,50.0,50.400001525878906,49.099998474121094,49.349998474121094,49.349998474121094,18423
2018-07-13,49.25,49.900001525878906,48.0,48.79999923706055,48.79999923706055,14161
2018-07-16,48.349998474121094,48.349998474121094,45.5,46.099998474121094,46.099998474121094,18105
2018-07-17,46.0,48.0,45.0,46.79999923706055,46.79999923706055,18649
2018-07-18,47.29999923706055,49.5,45.0,45.900001525878906,45.900001525878906,24187
2018-07-19,46.04999923706055,46.29999923706055,44.20000076293945,44.650001525878906,44.650001525878906,13919
2018-07-20,44.849998474121094,44.849998474121094,42.599998474121094,43.54999923706055,43.54999923706055,18132
2018-07-23,43.150001525878906,45.349998474121094,42.25,43.54999923706055,43.54999923706055,26802
2018-07-24,43.79999923706055,47.70000076293945,43.75,46.70000076293945,46.70000076293945,27754
2018-07-25,50.0,50.04999923706055,46.20000076293945,46.79999923706055,46.79999923706055,18750
2018-07-26,47.29999923706055,47.79999923706055,45.5,45.95000076293945,45.95000076293945,23475
2018-07-27,45.849998474121094,55.099998474121094,45.650001525878906,53.349998474121094,53.349998474121094,566668
2018-07-30,51.900001525878906,53.900001525878906,49.95000076293945,52.400001525878906,52.400001525878906,90428
2018-07-31,51.95000076293945,53.400001525878906,50.25,51.099998474121094,51.099998474121094,36274
2018-08-01,51.95000076293945,55.20000076293945,50.79999923706055,52.29999923706055,52.29999923706055,32648
2018-08-02,52.0,58.75,51.650001525878906,55.04999923706055,55.04999923706055,144410
2018-08-03,55.0,56.95000076293945,53.25,54.25,54.25,40908
2018-08-06,54.04999923706055,56.0,54.0,54.79999923706055,54.79999923706055,21461
2018-08-07,55.54999923706055,56.0,53.099998474121094,53.45000076293945,53.45000076293945,14481
2018-08-08,55.0,55.0,51.150001525878906,52.599998474121094,52.599998474121094,16715
2018-08-09,53.400001525878906,53.95000076293945,52.0,52.599998474121094,52.599998474121094,18163
2018-08-10,52.54999923706055,57.5,52.5,54.70000076293945,54.70000076293945,122246
2018-08-13,54.70000076293945,54.70000076293945,52.79999923706055,53.04999923706055,53.04999923706055,14531
2018-08-14,51.150001525878906,52.70000076293945,50.29999923706055,50.599998474121094,50.599998474121094,38931
2018-08-16,51.0,53.400001525878906,49.349998474121094,50.79999923706055,50.79999923706055,52912
2018-08-17,50.70000076293945,56.45000076293945,50.150001525878906,53.25,53.25,278419
2018-08-20,53.25,58.099998474121094,53.150001525878906,55.95000076293945,55.95000076293945,168187
2018-08-21,56.150001525878906,57.70000076293945,55.0,55.54999923706055,55.54999923706055,38736
2018-08-23,55.5,57.400001525878906,55.25,55.54999923706055,55.54999923706055,33136
2018-08-24,55.400001525878906,56.79999923706055,55.0,55.349998474121094,55.349998474121094,26711
2018-08-27,55.849998474121094,61.54999923706055,55.150001525878906,58.0,58.0,206929
2018-08-28,58.0,58.45000076293945,55.400001525878906,56.650001525878906,56.650001525878906,25839
2018-08-29,57.0,57.75,56.400001525878906,56.75,56.75,14523
2018-08-30,56.79999923706055,57.400001525878906,55.20000076293945,55.650001525878906,55.650001525878906,18627
2018-08-31,57.54999923706055,58.400001525878906,55.79999923706055,56.25,56.25,40993
2018-09-03,56.25,59.400001525878906,56.20000076293945,57.599998474121094,57.599998474121094,50086
2018-09-04,57.95000076293945,58.04999923706055,55.5,56.04999923706055,56.04999923706055,16920
2018-09-05,56.599998474121094,57.0,53.29999923706055,54.54999923706055,54.54999923706055,20870
2018-09-06,54.45000076293945,56.349998474121094,54.45000076293945,55.75,55.75,18402
2018-09-07,55.54999923706055,56.04999923706055,52.650001525878906,54.900001525878906,54.900001525878906,16528
2018-09-10,54.70000076293945,59.400001525878906,54.0,56.95000076293945,56.95000076293945,73584
2018-09-11,57.0,60.54999923706055,55.79999923706055,56.349998474121094,56.349998474121094,67768
2018-09-12,56.04999923706055,57.75,54.349998474121094,55.349998474121094,55.349998474121094,19876
2018-09-14,56.099998474121094,57.70000076293945,54.20000076293945,55.45000076293945,55.45000076293945,13729
2018-09-17,54.54999923706055,56.79999923706055,54.54999923706055,55.650001525878906,55.650001525878906,16814
2018-09-18,56.70000076293945,56.75,55.099998474121094,55.45000076293945,55.45000076293945,17778
2018-09-19,55.20000076293945,55.849998474121094,54.0,54.75,54.75,10193
2018-09-21,54.54999923706055,56.54999923706055,51.0,51.849998474121094,51.849998474121094,20212
2018-09-24,51.900001525878906,51.95000076293945,47.20000076293945,48.849998474121094,48.849998474121094,25397
2018-09-25,47.900001525878906,49.650001525878906,47.5,48.20000076293945,48.20000076293945,16506
2018-09-26,48.099998474121094,49.70000076293945,47.70000076293945,48.45000076293945,48.45000076293945,22433
2018-09-27,48.45000076293945,49.25,46.0,47.099998474121094,47.099998474121094,19111
2018-09-28,47.849998474121094,47.900001525878906,41.099998474121094,41.900001525878906,41.900001525878906,50627
2018-10-01,41.650001525878906,44.5,40.04999923706055,41.599998474121094,41.599998474121094,24207
2018-10-03,42.29999923706055,44.0,41.400001525878906,42.79999923706055,42.79999923706055,25577
2018-10-04,42.29999923706055,42.5,38.599998474121094,39.650001525878906,39.650001525878906,67875
2018-10-05,39.5,41.04999923706055,37.5,38.349998474121094,38.349998474121094,42499
2018-10-08,38.0,39.45000076293945,35.150001525878906,36.25,36.25,27763
2018-10-09,36.0,37.5,35.099998474121094,35.400001525878906,35.400001525878906,20514
2018-10-10,36.79999923706055,36.79999923706055,33.349998474121094,35.0,35.0,46959
2018-10-11,34.95000076293945,35.349998474121094,34.29999923706055,34.900001525878906,34.900001525878906,10967
2018-10-12,35.0,36.95000076293945,35.0,36.45000076293945,36.45000076293945,15591
2018-10-15,38.5,39.5,37.099998474121094,38.650001525878906,38.650001525878906,28190
2018-10-16,39.20000076293945,40.79999923706055,38.099998474121094,39.900001525878906,39.900001525878906,21589
2018-10-17,40.849998474121094,41.79999923706055,38.599998474121094,39.0,39.0,23099
2018-10-19,38.900001525878906,38.900001525878906,37.0,38.150001525878906,38.150001525878906,9232
2018-10-22,38.29999923706055,39.599998474121094,37.0,38.20000076293945,38.20000076293945,6079
2018-10-23,38.150001525878906,38.150001525878906,36.5,37.150001525878906,37.150001525878906,6354
2018-10-24,37.349998474121094,38.45000076293945,36.29999923706055,37.150001525878906,37.150001525878906,11035
2018-10-25,37.0,37.900001525878906,34.5,35.900001525878906,35.900001525878906,29388
2018-10-26,34.75,36.349998474121094,34.75,35.349998474121094,35.349998474121094,13776
2018-10-29,35.45000076293945,37.79999923706055,35.45000076293945,36.900001525878906,36.900001525878906,34525
2018-10-30,36.54999923706055,37.79999923706055,36.25,37.150001525878906,37.150001525878906,13758
2018-10-31,37.20000076293945,37.5,36.400001525878906,37.099998474121094,37.099998474121094,7477
2018-11-01,36.849998474121094,41.70000076293945,36.79999923706055,39.900001525878906,39.900001525878906,101026
2018-11-02,40.54999923706055,41.0,39.349998474121094,39.70000076293945,39.70000076293945,19897
2018-11-05,40.95000076293945,41.04999923706055,39.099998474121094,40.04999923706055,40.04999923706055,16486
2018-11-06,40.599998474121094,41.79999923706055,39.599998474121094,40.650001525878906,40.650001525878906,12944
2018-11-07,40.95000076293945,41.25,40.75,40.849998474121094,40.849998474121094,3608
2018-11-09,40.95000076293945,41.04999923706055,38.45000076293945,40.20000076293945,40.20000076293945,7023
2018-11-12,40.54999923706055,41.400001525878906,40.5,40.79999923706055,40.79999923706055,30332
2018-11-13,40.0,41.150001525878906,39.400001525878906,40.150001525878906,40.150001525878906,7013
2018-11-14,40.25,41.599998474121094,40.150001525878906,40.5,40.5,11935
2018-11-15,40.849998474121094,41.150001525878906,40.0,40.29999923706055,40.29999923706055,11122
2018-11-16,44.04999923706055,48.349998474121094,44.0,48.349998474121094,48.349998474121094,428747
2018-11-19,53.04999923706055,58.0,53.04999923706055,58.0,58.0,1018376
2018-11-20,58.900001525878906,63.45000076293945,55.0,63.0,63.0,1289123
2018-11-21,63.75,68.0,63.25,66.6500015258789,66.6500015258789,869767
2018-11-22,66.05000305175781,67.0,60.0,60.45000076293945,60.45000076293945,334732
2018-11-26,59.04999923706055,59.04999923706055,54.45000076293945,54.849998474121094,54.849998474121094,206672
2018-11-27,54.400001525878906,57.900001525878906,53.099998474121094,53.95000076293945,53.95000076293945,205282
2018-11-28,54.5,56.099998474121094,50.75,51.25,51.25,122886
2018-11-29,51.29999923706055,52.75,49.29999923706055,51.54999923706055,51.54999923706055,66431
2018-11-30,52.0,52.0,49.75,50.349998474121094,50.349998474121094,51721
2018-12-03,49.599998474121094,52.349998474121094,49.04999923706055,49.400001525878906,49.400001525878906,61897
2018-12-04,49.04999923706055,51.0,48.54999923706055,48.79999923706055,48.79999923706055,41921
2018-12-05,48.5,48.5,46.400001525878906,46.5,46.5,35268
2018-12-06,46.5,46.5,44.20000076293945,44.20000076293945,44.20000076293945,32068
2018-12-07,44.5,46.400001525878906,43.099998474121094,43.54999923706055,43.54999923706055,74730
2018-12-10,43.04999923706055,43.04999923706055,41.400001525878906,41.400001525878906,41.400001525878906,20151
2018-12-11,41.0,42.70000076293945,39.400001525878906,40.45000076293945,40.45000076293945,59729
2018-12-12,41.04999923706055,42.45000076293945,40.5,42.45000076293945,42.45000076293945,32806
2018-12-13,44.54999923706055,44.54999923706055,43.0,44.54999923706055,44.54999923706055,89983
2018-12-14,45.45000076293945,46.45000076293945,44.75,45.25,45.25,39485
2018-12-17,45.349998474121094,45.95000076293945,43.79999923706055,44.349998474121094,44.349998474121094,21244
2018-12-18,43.20000076293945,44.900001525878906,43.20000076293945,44.54999923706055,44.54999923706055,13758
2018-12-19,44.79999923706055,45.900001525878906,44.099998474121094,45.400001525878906,45.400001525878906,35651
2018-12-20,45.79999923706055,45.79999923706055,44.349998474121094,44.70000076293945,44.70000076293945,9287
2018-12-21,44.79999923706055,45.79999923706055,43.75,44.099998474121094,44.099998474121094,15338
2018-12-24,43.79999923706055,44.400001525878906,41.95000076293945,43.54999923706055,43.54999923706055,16328
2018-12-26,43.45000076293945,43.54999923706055,42.599998474121094,43.0,43.0,9901
2018-12-27,43.79999923706055,44.75,43.099998474121094,43.5,43.5,16937
2018-12-28,43.900001525878906,45.04999923706055,43.79999923706055,44.25,44.25,13597
2018-12-31,44.20000076293945,44.900001525878906,43.0,43.25,43.25,19558
2019-01-01,43.95000076293945,44.54999923706055,43.54999923706055,44.400001525878906,44.400001525878906,14664
2019-01-02,44.400001525878906,44.75,43.04999923706055,43.900001525878906,43.900001525878906,16461
2019-01-03,43.5,44.79999923706055,43.099998474121094,44.099998474121094,44.099998474121094,33609
2019-01-04,44.400001525878906,44.75,44.0,44.25,44.25,10404
2019-01-07,45.25,45.29999923706055,44.25,44.349998474121094,44.349998474121094,14990
2019-01-08,44.25,44.650001525878906,43.349998474121094,43.70000076293945,43.70000076293945,11387
2019-01-09,44.75,44.75,43.70000076293945,44.099998474121094,44.099998474121094,10740
2019-01-10,43.29999923706055,44.5,43.20000076293945,44.099998474121094,44.099998474121094,10040
2019-01-11,43.54999923706055,44.349998474121094,43.5,43.95000076293945,43.95000076293945,9010
2019-01-14,44.04999923706055,44.400001525878906,43.400001525878906,43.75,43.75,9014
2019-01-15,44.099998474121094,44.95000076293945,43.400001525878906,44.29999923706055,44.29999923706055,10175
2019-01-16,44.25,44.29999923706055,43.25,43.5,43.5,15975
2019-01-17,43.400001525878906,43.900001525878906,42.20000076293945,42.599998474121094,42.599998474121094,18832
2019-01-18,42.45000076293945,43.04999923706055,41.20000076293945,42.099998474121094,42.099998474121094,16906
2019-01-21,42.400001525878906,42.5,41.29999923706055,41.45000076293945,41.45000076293945,11370
2019-01-22,41.900001525878906,41.900001525878906,40.349998474121094,40.75,40.75,10933
2019-01-23,41.0,41.04999923706055,40.0,40.45000076293945,40.45000076293945,13275
2019-01-24,40.0,41.20000076293945,39.0,40.45000076293945,40.45000076293945,6985
2019-01-25,40.0,40.5,38.70000076293945,39.04999923706055,39.04999923706055,13856
2019-01-28,39.45000076293945,39.79999923706055,37.099998474121094,38.400001525878906,38.400001525878906,8042
2019-01-29,38.0,39.5,37.099998474121094,38.04999923706055,38.04999923706055,13144
2019-01-30,37.79999923706055,38.79999923706055,37.25,37.849998474121094,37.849998474121094,17110
2019-01-31,39.29999923706055,39.70000076293945,37.349998474121094,38.75,38.75,14739
2019-02-01,39.599998474121094,39.599998474121094,37.0,37.75,37.75,7192
2019-02-04,38.70000076293945,38.70000076293945,37.20000076293945,37.79999923706055,37.79999923706055,10524
2019-02-05,37.04999923706055,38.0,36.5,36.79999923706055,36.79999923706055,26296
2019-02-06,36.70000076293945,36.70000076293945,35.04999923706055,35.349998474121094,35.349998474121094,12696
2019-02-07,37.5,37.79999923706055,35.099998474121094,37.04999923706055,37.04999923706055,17944
2019-02-08,36.70000076293945,36.900001525878906,35.5,35.849998474121094,35.849998474121094,7267
2019-02-11,35.5,35.95000076293945,34.75,35.150001525878906,35.150001525878906,18654
2019-02-12,35.25,36.75,34.25,35.70000076293945,35.70000076293945,12548
2019-02-14,35.95000076293945,37.54999923706055,35.900001525878906,36.75,36.75,29291
2019-02-15,35.099998474121094,35.099998474121094,33.099998474121094,33.150001525878906,33.150001525878906,83704
2019-02-18,34.0,34.0,29.850000381469727,29.899999618530273,29.899999618530273,76938
2019-02-19,29.5,30.200000762939453,29.100000381469727,29.450000762939453,29.450000762939453,16033
2019-02-20,29.5,31.799999237060547,29.399999618530273,31.100000381469727,31.100000381469727,22220
2019-02-21,31.200000762939453,31.200000762939453,30.299999237060547,30.649999618530273,30.649999618530273,20271
2019-02-22,31.25,31.399999618530273,30.299999237060547,31.0,31.0,18784
2019-02-25,30.799999237060547,31.75,30.299999237060547,31.399999618530273,31.399999618530273,16124
2019-02-26,30.5,31.0,29.899999618530273,30.600000381469727,30.600000381469727,8685
2019-02-27,30.700000762939453,32.150001525878906,30.700000762939453,30.850000381469727,30.850000381469727,47907
2019-02-28,30.899999618530273,31.399999618530273,30.299999237060547,30.600000381469727,30.600000381469727,12073
2019-03-01,31.0,31.5,30.649999618530273,31.200000762939453,31.200000762939453,14424
2019-03-05,32.900001525878906,33.349998474121094,31.299999237060547,32.95000076293945,32.95000076293945,23175
2019-03-06,33.400001525878906,34.45000076293945,32.099998474121094,33.650001525878906,33.650001525878906,25868
2019-03-07,33.70000076293945,35.75,33.400001525878906,34.45000076293945,34.45000076293945,39251
2019-03-08,34.5,35.0,33.900001525878906,34.599998474121094,34.599998474121094,13556
2019-03-11,35.70000076293945,35.70000076293945,34.29999923706055,34.5,34.5,29884
2019-03-12,35.20000076293945,35.849998474121094,34.599998474121094,35.650001525878906,35.650001525878906,25616
2019-03-13,35.849998474121094,35.849998474121094,34.45000076293945,34.599998474121094,34.599998474121094,9771
2019-03-14,35.349998474121094,35.400001525878906,34.5,34.70000076293945,34.70000076293945,12539
2019-03-15,34.70000076293945,35.599998474121094,33.70000076293945,34.29999923706055,34.29999923706055,45461
2019-03-18,34.900001525878906,34.900001525878906,33.5,33.5,33.5,21666
2019-03-19,33.900001525878906,34.900001525878906,33.599998474121094,34.349998474121094,34.349998474121094,28110
2019-03-20,33.79999923706055,34.599998474121094,33.5,33.650001525878906,33.650001525878906,18446
2019-03-22,32.79999923706055,34.599998474121094,32.79999923706055,33.900001525878906,33.900001525878906,17900
2019-03-25,33.95000076293945,33.95000076293945,33.0,33.20000076293945,33.20000076293945,32529
2019-03-26,33.349998474121094,36.0,32.599998474121094,33.5,33.5,27792
2019-03-27,33.5,34.54999923706055,32.349998474121094,32.70000076293945,32.70000076293945,45364
2019-03-28,33.349998474121094,33.45000076293945,32.79999923706055,33.29999923706055,33.29999923706055,16081
2019-04-01,33.75,35.0,33.400001525878906,34.04999923706055,34.04999923706055,30828
2019-04-02,34.099998474121094,37.45000076293945,33.54999923706055,37.0,37.0,144741
2019-04-03,37.150001525878906,37.900001525878906,34.900001525878906,35.20000076293945,35.20000076293945,63254
2019-04-04,35.20000076293945,35.5,32.5,34.400001525878906,34.400001525878906,68836
2019-04-05,34.849998474121094,36.5,34.849998474121094,35.150001525878906,35.150001525878906,43474
2019-04-08,35.25,35.70000076293945,34.0,34.650001525878906,34.650001525878906,23982
2019-04-09,34.79999923706055,35.70000076293945,33.95000076293945,34.900001525878906,34.900001525878906,44630
2019-04-10,34.79999923706055,35.54999923706055,34.150001525878906,34.75,34.75,38165
2019-04-11,35.099998474121094,35.54999923706055,34.900001525878906,35.099998474121094,35.099998474121094,8072
2019-04-12,35.04999923706055,36.0,34.599998474121094,34.95000076293945,34.95000076293945,23995
2019-04-15,35.349998474121094,35.70000076293945,34.75,35.0,35.0,33529
2019-04-16,35.29999923706055,35.5,34.20000076293945,34.599998474121094,34.599998474121094,17868
2019-04-18,35.150001525878906,35.349998474121094,33.599998474121094,33.95000076293945,33.95000076293945,24925
2019-04-22,34.0,34.20000076293945,32.650001525878906,32.95000076293945,32.95000076293945,37413
2019-04-23,32.79999923706055,33.650001525878906,32.45000076293945,32.95000076293945,32.95000076293945,25757
2019-04-24,33.04999923706055,33.79999923706055,32.45000076293945,33.04999923706055,33.04999923706055,51165
2019-04-25,33.099998474121094,33.599998474121094,32.54999923706055,32.70000076293945,32.70000076293945,49277
2019-04-26,32.5,33.900001525878906,32.45000076293945,32.79999923706055,32.79999923706055,10976
2019-04-30,33.900001525878906,33.900001525878906,31.600000381469727,32.0,32.0,14939
2019-05-02,31.899999618530273,33.400001525878906,31.399999618530273,32.04999923706055,32.04999923706055,34037
2019-05-03,32.099998474121094,32.5,31.700000762939453,32.099998474121094,32.099998474121094,7333
2019-05-06,32.099998474121094,32.400001525878906,29.600000381469727,30.649999618530273,30.649999618530273,12032
2019-05-07,30.700000762939453,32.29999923706055,30.649999618530273,31.399999618530273,31.399999618530273,21114
2019-05-08,32.25,32.25,30.75,31.0,31.0,22805
2019-05-09,31.0,31.0,30.149999618530273,30.549999237060547,30.549999237060547,21823
2019-05-10,30.549999237060547,31.799999237060547,30.350000381469727,31.049999237060547,31.049999237060547,15009
2019-05-13,31.0,32.0,29.049999237060547,29.950000762939453,29.950000762939453,17751
2019-05-14,30.0,30.399999618530273,29.149999618530273,29.700000762939453,29.700000762939453,12765
2019-05-15,29.950000762939453,31.799999237060547,27.0,28.649999618530273,28.649999618530273,28940
2019-05-16,28.149999618530273,29.0,27.149999618530273,27.799999237060547,27.799999237060547,27342
2019-05-17,27.799999237060547,28.0,27.299999237060547,27.549999237060547,27.549999237060547,11290
2019-05-20,28.700000762939453,28.799999237060547,27.850000381469727,28.350000381469727,28.350000381469727,21874
2019-05-21,29.100000381469727,29.100000381469727,26.950000762939453,27.25,27.25,51587
2019-05-22,27.600000381469727,28.350000381469727,27.0,27.649999618530273,27.649999618530273,12799
2019-05-23,28.299999237060547,28.950000762939453,27.399999618530273,28.0,28.0,16709
2019-05-24,28.149999618530273,29.450000762939453,27.299999237060547,28.600000381469727,28.600000381469727,9641
2019-05-27,28.600000381469727,33.849998474121094,28.600000381469727,32.650001525878906,32.650001525878906,116751
2019-05-28,32.599998474121094,32.650001525878906,31.549999237060547,32.29999923706055,32.29999923706055,19378
2019-05-29,32.25,32.25,31.25,31.649999618530273,31.649999618530273,6260
2019-05-30,31.600000381469727,32.20000076293945,29.0,30.0,30.0,34296
2019-05-31,29.549999237060547,31.0,29.200000762939453,29.299999237060547,29.299999237060547,13770
2019-06-03,31.100000381469727,31.100000381469727,28.799999237060547,29.100000381469727,29.100000381469727,59655
2019-06-04,29.649999618530273,30.200000762939453,29.25,29.850000381469727,29.850000381469727,11551
2019-06-06,29.799999237060547,30.049999237060547,29.0,29.25,29.25,11507
2019-06-07,30.350000381469727,30.350000381469727,28.399999618530273,28.75,28.75,13737
2019-06-10,28.899999618530273,28.950000762939453,27.600000381469727,27.899999618530273,27.899999618530273,11856
2019-06-11,27.899999618530273,28.299999237060547,27.0,27.299999237060547,27.299999237060547,15042
2019-06-12,27.600000381469727,29.25,27.350000381469727,27.75,27.75,35385
2019-06-13,27.350000381469727,28.299999237060547,27.0,27.149999618530273,27.149999618530273,9644
2019-06-14,27.149999618530273,27.549999237060547,26.799999237060547,26.899999618530273,26.899999618530273,10673
2019-06-17,26.100000381469727,27.100000381469727,26.100000381469727,26.299999237060547,26.299999237060547,11554
2019-06-18,26.25,26.5,25.049999237060547,25.299999237060547,25.299999237060547,9706
2019-06-19,25.200000762939453,25.399999618530273,23.049999237060547,23.600000381469727,23.600000381469727,14394
2019-06-20,23.5,23.5,21.5,22.700000762939453,22.700000762939453,15321
2019-06-21,22.200000762939453,23.850000381469727,21.600000381469727,23.100000381469727,23.100000381469727,9504
2019-06-24,22.5,24.700000762939453,21.799999237060547,24.049999237060547,24.049999237060547,15623
2019-06-25,23.5,24.950000762939453,22.850000381469727,24.600000381469727,24.600000381469727,4816
2019-06-26,24.649999618530273,25.350000381469727,23.899999618530273,24.149999618530273,24.149999618530273,9204
2019-06-27,24.399999618530273,25.5,23.350000381469727,24.649999618530273,24.649999618530273,16506
2019-06-28,25.100000381469727,26.100000381469727,24.299999237060547,25.299999237060547,25.299999237060547,17937
2019-07-01,24.549999237060547,25.850000381469727,24.549999237060547,25.049999237060547,25.049999237060547,7008
2019-07-02,25.700000762939453,25.700000762939453,24.350000381469727,24.799999237060547,24.799999237060547,6554
2019-07-03,24.850000381469727,25.100000381469727,24.299999237060547,24.350000381469727,24.350000381469727,15605
2019-07-04,24.950000762939453,25.600000381469727,24.049999237060547,24.649999618530273,24.649999618530273,6790
2019-07-05,24.25,25.399999618530273,24.0,24.100000381469727,24.100000381469727,5219
2019-07-08,25.0,25.0,23.0,23.299999237060547,23.299999237060547,5541
2019-07-09,23.149999618530273,23.950000762939453,23.0,23.350000381469727,23.350000381469727,5857
2019-07-10,24.450000762939453,24.450000762939453,22.25,22.799999237060547,22.799999237060547,4031
2019-07-11,22.799999237060547,23.450000762939453,22.0,22.5,22.5,7295
2019-07-12,22.299999237060547,24.899999618530273,22.299999237060547,23.149999618530273,23.149999618530273,11075
2019-07-15,22.600000381469727,23.799999237060547,22.200000762939453,22.5,22.5,15459
2019-07-16,23.299999237060547,23.299999237060547,21.600000381469727,21.75,21.75,5784
2019-07-17,21.600000381469727,22.299999237060547,21.600000381469727,22.100000381469727,22.100000381469727,7170
2019-07-18,22.549999237060547,23.25,21.299999237060547,21.649999618530273,21.649999618530273,4906
2019-07-19,21.899999618530273,21.899999618530273,18.799999237060547,21.0,21.0,20003
2019-07-22,19.799999237060547,22.200000762939453,19.399999618530273,20.899999618530273,20.899999618530273,11453
2019-07-23,22.899999618530273,22.899999618530273,20.200000762939453,20.950000762939453,20.950000762939453,10117
2019-07-24,23.899999618530273,25.100000381469727,22.0,25.100000381469727,25.100000381469727,103051
2019-07-25,27.899999618530273,29.649999618530273,25.649999618530273,26.25,26.25,397323
2019-07-26,25.549999237060547,25.549999237060547,23.75,24.549999237060547,24.549999237060547,43563
2019-07-29,25.0,26.799999237060547,23.600000381469727,24.450000762939453,24.450000762939453,37477
2019-07-30,24.100000381469727,24.399999618530273,22.049999237060547,22.350000381469727,22.350000381469727,21661
2019-07-31,22.149999618530273,23.100000381469727,21.5,21.649999618530273,21.649999618530273,24776
2019-08-01,21.549999237060547,25.950000762939453,21.549999237060547,25.950000762939453,25.950000762939453,301767
2019-08-02,26.200000762939453,29.399999618530273,24.850000381469727,26.299999237060547,26.299999237060547,358564
2019-08-05,24.5,25.399999618530273,24.200000762939453,24.549999237060547,24.549999237060547,32024
2019-08-06,24.100000381469727,26.0,24.100000381469727,24.75,24.75,24594
2019-08-07,25.600000381469727,25.600000381469727,23.5,23.75,23.75,16507
2019-08-08,24.75,24.799999237060547,23.149999618530273,23.450000762939453,23.450000762939453,14360
2019-08-09,23.200000762939453,28.100000381469727,23.149999618530273,26.299999237060547,26.299999237060547,314889
2019-08-13,26.950000762939453,26.950000762939453,22.5,23.350000381469727,23.350000381469727,85092
2019-08-14,23.600000381469727,24.950000762939453,23.149999618530273,23.600000381469727,23.600000381469727,30319
2019-08-16,23.5,25.399999618530273,23.5,24.5,24.5,23345
2019-08-19,24.25,25.700000762939453,23.700000762939453,24.049999237060547,24.049999237060547,23374
2019-08-20,24.049999237060547,24.600000381469727,23.700000762939453,23.899999618530273,23.899999618530273,16264
2019-08-21,23.649999618530273,24.149999618530273,22.0,22.549999237060547,22.549999237060547,16060
2019-08-22,22.549999237060547,22.600000381469727,20.649999618530273,21.799999237060547,21.799999237060547,21963
2019-08-23,20.799999237060547,22.0,20.799999237060547,21.450000762939453,21.450000762939453,11484
2019-08-26,21.799999237060547,23.899999618530273,21.799999237060547,22.450000762939453,22.450000762939453,12048
2019-08-27,23.049999237060547,23.850000381469727,22.0,23.0,23.0,24562
2019-08-28,23.399999618530273,24.0,22.950000762939453,23.200000762939453,23.200000762939453,35417
2019-08-29,22.100000381469727,23.649999618530273,21.75,22.0,22.0,34900
2019-08-30,22.200000762939453,22.649999618530273,21.450000762939453,21.950000762939453,21.950000762939453,17565
2019-09-03,22.200000762939453,24.450000762939453,21.25,22.700000762939453,22.700000762939453,59402
2019-09-04,23.0,24.700000762939453,22.450000762939453,23.549999237060547,23.549999237060547,50338
2019-09-05,23.700000762939453,24.0,23.299999237060547,23.399999618530273,23.399999618530273,7482
2019-09-06,24.299999237060547,24.299999237060547,22.799999237060547,23.5,23.5,17520
2019-09-09,23.5,24.200000762939453,22.0,23.25,23.25,26686
2019-09-11,23.299999237060547,24.75,23.25,24.049999237060547,24.049999237060547,33176
2019-09-12,23.25,24.75,23.25,24.100000381469727,24.100000381469727,20344
2019-09-13,24.100000381469727,24.399999618530273,23.799999237060547,24.25,24.25,14881
2019-09-16,24.350000381469727,24.350000381469727,22.600000381469727,23.149999618530273,23.149999618530273,24909
2019-09-17,23.299999237060547,23.899999618530273,23.0,23.450000762939453,23.450000762939453,14870
2019-09-18,23.0,23.899999618530273,23.0,23.25,23.25,5320
2019-09-19,23.100000381469727,23.600000381469727,22.5,22.700000762939453,22.700000762939453,4471
2019-09-20,22.799999237060547,24.149999618530273,22.5,22.850000381469727,22.850000381469727,14790
2019-09-23,22.850000381469727,27.399999618530273,22.850000381469727,23.850000381469727,23.850000381469727,51867
2019-09-24,23.850000381469727,23.850000381469727,22.899999618530273,23.049999237060547,23.049999237060547,20139
2019-09-25,23.450000762939453,23.5,22.5,22.899999618530273,22.899999618530273,16178
2019-09-26,23.350000381469727,23.399999618530273,22.549999237060547,22.75,22.75,7890
2019-09-27,23.0,23.299999237060547,22.399999618530273,22.5,22.5,5400
2019-09-30,22.100000381469727,22.350000381469727,22.0,22.149999618530273,22.149999618530273,8052
2019-10-01,22.100000381469727,22.899999618530273,20.399999618530273,21.649999618530273,21.649999618530273,18434
2019-10-03,21.850000381469727,21.850000381469727,20.850000381469727,21.100000381469727,21.100000381469727,6787
2019-10-04,21.75,21.75,21.100000381469727,21.25,21.25,4418
2019-10-07,20.700000762939453,21.600000381469727,20.0,20.299999237060547,20.299999237060547,14636
2019-10-09,20.799999237060547,21.450000762939453,19.899999618530273,20.0,20.0,16338
2019-10-10,19.600000381469727,23.75,19.600000381469727,23.149999618530273,23.149999618530273,275886
2019-10-11,22.799999237060547,23.149999618530273,22.0,22.200000762939453,22.200000762939453,52836
2019-10-14,21.200000762939453,23.5,21.200000762939453,21.899999618530273,21.899999618530273,14211
2019-10-15,21.700000762939453,22.549999237060547,21.549999237060547,21.700000762939453,21.700000762939453,5535
2019-10-16,22.0,26.0,21.0,26.0,26.0,303619
2019-10-17,27.799999237060547,31.200000762939453,27.399999618530273,29.5,29.5,772793
2019-10-18,33.849998474121094,35.29999923706055,30.950000762939453,34.29999923706055,34.29999923706055,630049
2019-10-22,33.70000076293945,33.70000076293945,30.899999618530273,30.899999618530273,30.899999618530273,144615
2019-10-23,29.850000381469727,29.850000381469727,27.850000381469727,27.850000381469727,27.850000381469727,45196
2019-10-24,26.600000381469727,29.100000381469727,25.149999618530273,25.950000762939453,25.950000762939453,103359
2019-10-25,24.700000762939453,25.799999237060547,24.700000762939453,25.200000762939453,25.200000762939453,12314
2019-10-27,25.950000762939453,25.950000762939453,25.0,25.600000381469727,25.600000381469727,3331
2019-10-29,25.0,26.850000381469727,24.399999618530273,26.75,26.75,82531
2019-10-30,26.5,27.799999237060547,26.0,26.0,26.0,8408
2019-10-31,26.899999618530273,26.899999618530273,25.450000762939453,25.649999618530273,25.649999618530273,8376
2019-11-01,26.450000762939453,26.450000762939453,25.0,25.200000762939453,25.200000762939453,12237
2019-11-04,24.549999237060547,25.5,24.549999237060547,25.049999237060547,25.049999237060547,13620
2019-11-05,24.600000381469727,26.0,24.049999237060547,25.100000381469727,25.100000381469727,7076
2019-11-06,25.5,25.850000381469727,24.299999237060547,24.899999618530273,24.899999618530273,70563
2019-11-07,25.450000762939453,25.450000762939453,24.149999618530273,25.0,25.0,6073
2019-11-08,24.299999237060547,25.0,24.25,24.5,24.5,2029
2019-11-11,25.299999237060547,25.399999618530273,24.25,25.149999618530273,25.149999618530273,6510
2019-11-13,24.299999237060547,26.299999237060547,24.299999237060547,25.549999237060547,25.549999237060547,8415
2019-11-14,25.899999618530273,26.100000381469727,25.0,25.25,25.25,5145
2019-11-15,25.25,25.899999618530273,24.149999618530273,24.600000381469727,24.600000381469727,22698
2019-11-18,24.649999618530273,25.0,23.399999618530273,23.399999618530273,23.399999618530273,15655
2019-11-19,22.25,23.950000762939453,22.25,23.450000762939453,23.450000762939453,23388
2019-11-20,23.200000762939453,24.0,22.350000381469727,22.450000762939453,22.450000762939453,5691
2019-11-21,22.0,23.5,22.0,23.149999618530273,23.149999618530273,11777
2019-11-22,23.200000762939453,23.200000762939453,22.299999237060547,22.649999618530273,22.649999618530273,6187
2019-11-25,22.649999618530273,23.5,22.25,23.0,23.0,13372
2019-11-26,23.0,23.0,22.049999237060547,22.5,22.5,7681
2019-11-27,23.549999237060547,23.549999237060547,22.149999618530273,22.549999237060547,22.549999237060547,7262
2019-11-28,22.0,23.649999618530273,22.0,22.75,22.75,4841
2019-11-29,22.549999237060547,23.75,22.100000381469727,23.350000381469727,23.350000381469727,3679
2019-12-02,22.299999237060547,24.5,22.299999237060547,23.5,23.5,9519
2019-12-03,22.75,23.600000381469727,22.700000762939453,23.0,23.0,4204
2019-12-04,22.299999237060547,23.75,22.299999237060547,23.399999618530273,23.399999618530273,6771
2019-12-05,23.850000381469727,24.549999237060547,23.399999618530273,23.649999618530273,23.649999618530273,8681
2019-12-06,23.0,24.5,23.0,23.200000762939453,23.200000762939453,1658
2019-12-09,23.0,24.049999237060547,22.600000381469727,22.950000762939453,22.950000762939453,747
2019-12-10,22.100000381469727,23.850000381469727,22.100000381469727,22.450000762939453,22.450000762939453,3080
2019-12-11,22.0,23.100000381469727,22.0,22.549999237060547,22.549999237060547,8149
2019-12-12,22.049999237060547,22.25,21.549999237060547,21.899999618530273,21.899999618530273,4512
2019-12-13,22.5,22.950000762939453,22.0,22.899999618530273,22.899999618530273,8839
2019-12-16,22.450000762939453,22.850000381469727,21.799999237060547,21.899999618530273,21.899999618530273,20678
2019-12-17,21.899999618530273,22.899999618530273,21.899999618530273,22.149999618530273,22.149999618530273,8898
2019-12-18,22.600000381469727,22.700000762939453,22.0,22.299999237060547,22.299999237060547,8996
2019-12-19,21.799999237060547,22.25,21.5,21.700000762939453,21.700000762939453,24989
2019-12-20,22.0,22.75,21.649999618530273,22.25,22.25,15741
2019-12-23,22.549999237060547,22.549999237060547,21.850000381469727,22.049999237060547,22.049999237060547,6076
2019-12-24,22.0,22.799999237060547,21.899999618530273,22.049999237060547,22.049999237060547,5140
2019-12-26,22.049999237060547,23.0,22.049999237060547,22.75,22.75,6998
2019-12-27,23.0,23.0,22.5,22.799999237060547,22.799999237060547,5416
2019-12-30,23.0,23.0,21.899999618530273,22.049999237060547,22.049999237060547,4936
2019-12-31,22.049999237060547,22.450000762939453,21.649999618530273,22.399999618530273,22.399999618530273,5580
2020-01-01,21.700000762939453,22.299999237060547,21.700000762939453,21.850000381469727,21.850000381469727,3592
2020-01-02,21.600000381469727,22.5,21.600000381469727,22.450000762939453,22.450000762939453,9146
2020-01-03,22.0,23.0,22.0,22.950000762939453,22.950000762939453,12670
2020-01-06,23.0,23.0,22.200000762939453,22.5,22.5,5975
2020-01-07,22.950000762939453,22.950000762939453,22.299999237060547,22.299999237060547,22.299999237060547,3269
2020-01-08,22.299999237060547,22.649999618530273,21.799999237060547,22.0,22.0,9033
2020-01-09,23.0,23.0,22.049999237060547,22.399999618530273,22.399999618530273,10563
2020-01-10,22.700000762939453,22.700000762939453,22.0,22.299999237060547,22.299999237060547,10075
2020-01-13,22.25,22.700000762939453,22.200000762939453,22.399999618530273,22.399999618530273,11189
2020-01-14,22.600000381469727,22.850000381469727,22.049999237060547,22.649999618530273,22.649999618530273,8850
2020-01-15,22.149999618530273,22.899999618530273,22.149999618530273,22.700000762939453,22.700000762939453,3007
2020-01-16,23.0,23.25,22.25,23.049999237060547,23.049999237060547,15530
2020-01-17,22.950000762939453,23.149999618530273,22.399999618530273,22.549999237060547,22.549999237060547,2254
2020-01-20,23.0,23.399999618530273,22.700000762939453,22.799999237060547,22.799999237060547,7361
2020-01-21,23.200000762939453,23.299999237060547,22.649999618530273,23.049999237060547,23.049999237060547,9057
2020-01-22,23.399999618530273,23.549999237060547,22.799999237060547,23.299999237060547,23.299999237060547,7984
2020-01-23,23.600000381469727,24.350000381469727,23.049999237060547,24.0,24.0,12676
2020-01-24,23.899999618530273,24.0,23.100000381469727,23.600000381469727,23.600000381469727,5280
2020-01-27,23.25,24.75,23.25,24.600000381469727,24.600000381469727,15104
2020-01-28,25.100000381469727,25.200000762939453,24.200000762939453,24.299999237060547,24.299999237060547,11680
2020-01-29,25.5,25.5,24.5,24.899999618530273,24.899999618530273,16929
2020-01-30,24.200000762939453,25.149999618530273,24.200000762939453,24.450000762939453,24.450000762939453,11708
2020-01-31,24.299999237060547,25.0,24.299999237060547,24.549999237060547,24.549999237060547,12357
2020-02-03,24.149999618530273,24.450000762939453,23.049999237060547,23.5,23.5,3545
2020-02-04,23.549999237060547,24.0,22.600000381469727,23.0,23.0,9064
2020-02-05,23.0,23.5,22.649999618530273,23.049999237060547,23.049999237060547,11505
2020-02-06,23.0,23.649999618530273,23.0,23.100000381469727,23.100000381469727,4533
2020-02-07,24.25,24.25,23.25,23.299999237060547,23.299999237060547,980
2020-02-10,23.899999618530273,23.899999618530273,22.75,22.899999618530273,22.899999618530273,2942
2020-02-11,22.799999237060547,23.5,22.549999237060547,23.049999237060547,23.049999237060547,4891
2020-02-12,23.450000762939453,25.299999237060547,22.700000762939453,23.0,23.0,46349
2020-02-13,24.950000762939453,25.299999237060547,24.649999618530273,25.299999237060547,25.299999237060547,80817
2020-02-14,26.350000381469727,27.799999237060547,25.0,26.450000762939453,26.450000762939453,200432
2020-02-17,25.0,26.75,24.25,24.75,24.75,24460
2020-02-18,24.850000381469727,25.700000762939453,24.100000381469727,24.600000381469727,24.600000381469727,11537
2020-02-19,24.649999618530273,25.399999618530273,24.600000381469727,25.350000381469727,25.350000381469727,11014
2020-02-20,25.799999237060547,26.700000762939453,25.100000381469727,25.850000381469727,25.850000381469727,19342
2020-02-24,25.850000381469727,26.0,25.049999237060547,25.549999237060547,25.549999237060547,9699
2020-02-25,26.399999618530273,26.399999618530273,24.0,25.100000381469727,25.100000381469727,15367
2020-02-26,24.799999237060547,25.0,24.0,24.5,24.5,8850
2020-02-27,24.299999237060547,24.850000381469727,23.0,23.850000381469727,23.850000381469727,15543
2020-02-28,23.75,23.75,22.100000381469727,22.299999237060547,22.299999237060547,22488
2020-03-02,22.450000762939453,24.5,22.0,22.649999618530273,22.649999618530273,17920
2020-03-03,22.350000381469727,23.600000381469727,21.700000762939453,23.0,23.0,14090
2020-03-04,24.0,25.299999237060547,23.25,24.200000762939453,24.200000762939453,58397
2020-03-05,25.899999618530273,26.200000762939453,24.200000762939453,25.600000381469727,25.600000381469727,56173
2020-03-06,25.399999618530273,28.149999618530273,24.299999237060547,27.75,27.75,117185
2020-03-09,28.100000381469727,30.5,28.100000381469727,30.5,30.5,72777
2020-03-11,32.0,32.0,32.0,32.0,32.0,17997
2020-03-12,33.599998474121094,33.599998474121094,31.049999237060547,33.25,33.25,111592
2020-03-13,34.79999923706055,34.79999923706055,31.600000381469727,33.29999923706055,33.29999923706055,81512
2020-03-16,34.95000076293945,34.95000076293945,31.649999618530273,32.5,32.5,64505
2020-03-17,32.0,33.900001525878906,30.899999618530273,30.899999618530273,30.899999618530273,18492
2020-03-18,32.0,32.0,29.399999618530273,29.399999618530273,29.399999618530273,7570
2020-03-19,27.950000762939453,27.950000762939453,27.950000762939453,27.950000762939453,27.950000762939453,1735
2020-03-20,26.799999237060547,26.799999237060547,26.600000381469727,26.600000381469727,26.600000381469727,18696
2020-03-23,25.299999237060547,25.299999237060547,25.299999237060547,25.299999237060547,25.299999237060547,2804
2020-03-24,24.049999237060547,25.0,24.049999237060547,24.049999237060547,24.049999237060547,15090
2020-03-25,24.049999237060547,24.049999237060547,22.850000381469727,23.0,23.0,13769
2020-03-26,23.799999237060547,24.149999618530273,22.049999237060547,23.0,23.0,31936
2020-03-27,23.799999237060547,23.899999618530273,22.149999618530273,22.5,22.5,11616
2020-03-30,21.399999618530273,22.899999618530273,21.399999618530273,21.5,21.5,30944
2020-03-31,20.450000762939453,22.549999237060547,20.450000762939453,22.0,22.0,32210
2020-04-01,22.549999237060547,23.0,22.0,22.799999237060547,22.799999237060547,18201
2020-04-03,23.799999237060547,23.899999618530273,22.100000381469727,23.799999237060547,23.799999237060547,6738
2020-04-07,24.899999618530273,24.950000762939453,24.0,24.950000762939453,24.950000762939453,9498
2020-04-08,26.149999618530273,26.149999618530273,26.149999618530273,26.149999618530273,26.149999618530273,7451
2020-04-09,27.450000762939453,27.450000762939453,27.450000762939453,27.450000762939453,27.450000762939453,11763
2020-04-13,28.700000762939453,28.799999237060547,28.700000762939453,28.799999237060547,28.799999237060547,22602
2020-04-15,30.200000762939453,30.200000762939453,30.200000762939453,30.200000762939453,30.200000762939453,8406
2020-04-16,31.549999237060547,31.700000762939453,30.350000381469727,31.700000762939453,31.700000762939453,27343
2020-04-17,33.25,33.25,33.25,33.25,33.25,19104
2020-04-20,34.900001525878906,34.900001525878906,34.900001525878906,34.900001525878906,34.900001525878906,12801
2020-04-21,36.599998474121094,36.599998474121094,36.599998474121094,36.599998474121094,36.599998474121094,15682
2020-04-22,38.400001525878906,38.400001525878906,38.400001525878906,38.400001525878906,38.400001525878906,4637
2020-04-23,40.29999923706055,40.29999923706055,40.29999923706055,40.29999923706055,40.29999923706055,9218
2020-04-24,42.29999923706055,42.29999923706055,42.29999923706055,42.29999923706055,42.29999923706055,8449
2020-04-27,44.400001525878906,44.400001525878906,44.400001525878906,44.400001525878906,44.400001525878906,10380
2020-04-28,46.599998474121094,46.599998474121094,46.599998474121094,46.599998474121094,46.599998474121094,4533
2020-04-29,48.900001525878906,48.900001525878906,48.900001525878906,48.900001525878906,48.900001525878906,10103
2020-04-30,51.29999923706055,51.29999923706055,51.29999923706055,51.29999923706055,51.29999923706055,23206
2020-05-04,53.849998474121094,53.849998474121094,51.95000076293945,53.849998474121094,53.849998474121094,304188
2020-05-05,56.5,56.5,56.5,56.5,56.5,13693
2020-05-06,59.29999923706055,59.29999923706055,59.29999923706055,59.29999923706055,59.29999923706055,12219
2020-05-07,62.25,62.25,62.25,62.25,62.25,18145
2020-05-08,65.3499984741211,65.3499984741211,65.3499984741211,65.3499984741211,65.3499984741211,93658
2020-05-11,68.5999984741211,68.5999984741211,62.099998474121094,62.099998474121094,62.099998474121094,91945
2020-05-12,59.0,59.0,59.0,59.0,59.0,16449
2020-05-13,56.04999923706055,56.04999923706055,56.04999923706055,56.04999923706055,56.04999923706055,2012
2020-05-14,53.25,53.25,53.25,53.25,53.25,5503
2020-05-15,50.599998474121094,50.599998474121094,50.599998474121094,50.599998474121094,50.599998474121094,5418
2020-05-18,48.099998474121094,48.099998474121094,48.099998474121094,48.099998474121094,48.099998474121094,378
2020-05-19,45.70000076293945,45.70000076293945,45.70000076293945,45.70000076293945,45.70000076293945,715
2020-05-20,43.45000076293945,47.95000076293945,43.45000076293945,47.95000076293945,47.95000076293945,110864
2020-05-21,50.29999923706055,50.29999923706055,50.25,50.29999923706055,50.29999923706055,32240
2020-05-22,52.79999923706055,52.79999923706055,52.79999923706055,52.79999923706055,52.79999923706055,14358
2020-05-26,55.400001525878906,55.400001525878906,55.400001525878906,55.400001525878906,55.400001525878906,12764
2020-05-27,58.150001525878906,58.150001525878906,52.650001525878906,52.650001525878906,52.650001525878906,11806
2020-05-28,50.04999923706055,55.25,50.04999923706055,52.099998474121094,52.099998474121094,46446
2020-05-29,50.0,54.0,49.5,49.54999923706055,49.54999923706055,21257
2020-06-01,50.0,51.900001525878906,47.099998474121094,48.20000076293945,48.20000076293945,56032
2020-06-02,48.0,49.099998474121094,46.0,47.599998474121094,47.599998474121094,10777
2020-06-03,46.150001525878906,49.95000076293945,46.150001525878906,49.29999923706055,49.29999923706055,24223
2020-06-04,49.29999923706055,51.75,48.79999923706055,50.04999923706055,50.04999923706055,17294
2020-06-05,52.0,52.0,47.650001525878906,50.400001525878906,50.400001525878906,12437
2020-06-08,50.29999923706055,52.900001525878906,47.900001525878906,52.900001525878906,52.900001525878906,40196
2020-06-09,54.45000076293945,55.5,53.099998474121094,53.650001525878906,53.650001525878906,36535
2020-06-10,54.0,56.29999923706055,51.0,56.29999923706055,56.29999923706055,33253
2020-06-11,58.0,59.099998474121094,53.5,58.25,58.25,27532
2020-06-12,55.5,59.900001525878906,55.5,58.150001525878906,58.150001525878906,11841
2020-06-15,60.95000076293945,60.95000076293945,56.099998474121094,57.45000076293945,57.45000076293945,9642
2020-06-16,59.650001525878906,59.650001525878906,54.599998474121094,54.650001525878906,54.650001525878906,10858
2020-06-17,54.650001525878906,54.650001525878906,51.95000076293945,53.04999923706055,53.04999923706055,12428
2020-06-18,50.400001525878906,54.0,50.400001525878906,51.900001525878906,51.900001525878906,11281
2020-06-19,52.400001525878906,53.400001525878906,51.5,52.70000076293945,52.70000076293945,9212
2020-06-22,52.5,55.29999923706055,52.5,55.04999923706055,55.04999923706055,26074
2020-06-23,56.0,57.79999923706055,53.54999923706055,57.79999923706055,57.79999923706055,30971
2020-06-24,58.400001525878906,60.650001525878906,58.400001525878906,60.650001525878906,60.650001525878906,29692
2020-06-25,60.79999923706055,63.650001525878906,59.099998474121094,63.650001525878906,63.650001525878906,63111
2020-06-26,65.80000305175781,66.80000305175781,63.20000076293945,63.349998474121094,63.349998474121094,37736
2020-06-29,62.95000076293945,63.5,60.20000076293945,61.099998474121094,61.099998474121094,23725
2020-06-30,60.95000076293945,61.5,58.20000076293945,58.54999923706055,58.54999923706055,8973
2020-07-01,59.95000076293945,60.75,55.75,56.95000076293945,56.95000076293945,10959
2020-07-02,56.95000076293945,59.75,54.150001525878906,59.5,59.5,45618
2020-07-03,59.099998474121094,62.45000076293945,57.79999923706055,61.29999923706055,61.29999923706055,43394
2020-07-06,61.95000076293945,61.95000076293945,59.20000076293945,60.04999923706055,60.04999923706055,12559
2020-07-07,61.599998474121094,61.599998474121094,58.150001525878906,58.900001525878906,58.900001525878906,5212
2020-07-08,59.400001525878906,61.5,59.0,60.900001525878906,60.900001525878906,22686
2020-07-09,61.349998474121094,61.349998474121094,58.25,58.5,58.5,7139
2020-07-10,58.5,60.349998474121094,57.5,58.900001525878906,58.900001525878906,10016
2020-07-13,59.29999923706055,60.29999923706055,56.0,59.349998474121094,59.349998474121094,24126
2020-07-14,59.45000076293945,60.0,56.599998474121094,58.150001525878906,58.150001525878906,6247
2020-07-15,58.20000076293945,58.95000076293945,56.5,57.45000076293945,57.45000076293945,15103
2020-07-16,56.29999923706055,57.599998474121094,55.0,56.25,56.25,2507
2020-07-17,57.54999923706055,59.0,55.5,58.349998474121094,58.349998474121094,8866
2020-07-20,59.900001525878906,61.25,59.900001525878906,61.25,61.25,44738
2020-07-21,64.30000305175781,64.30000305175781,64.30000305175781,64.30000305175781,64.30000305175781,8567
2020-07-22,67.5,67.5,67.5,67.5,67.5,8715
2020-07-23,70.8499984741211,70.8499984741211,70.8499984741211,70.8499984741211,70.8499984741211,22475
2020-07-24,74.3499984741211,74.3499984741211,74.3499984741211,74.3499984741211,74.3499984741211,14256
2020-07-27,78.05000305175781,78.05000305175781,78.05000305175781,78.05000305175781,78.05000305175781,12706
2020-07-28,81.94999694824219,81.94999694824219,81.94999694824219,81.94999694824219,81.94999694824219,4854
2020-07-29,86.0,86.0,86.0,86.0,86.0,14347
2020-07-30,90.30000305175781,90.30000305175781,81.69999694824219,81.69999694824219,81.69999694824219,75528
2020-07-31,77.6500015258789,77.6500015258789,77.6500015258789,77.6500015258789,77.6500015258789,7185
2020-08-03,73.80000305175781,81.5,73.80000305175781,81.5,81.5,29635
2020-08-04,85.55000305175781,85.55000305175781,85.55000305175781,85.55000305175781,85.55000305175781,10526
2020-08-05,89.80000305175781,89.80000305175781,85.0,89.80000305175781,89.80000305175781,36756
2020-08-06,94.25,94.25,92.5,94.25,94.25,32955
2020-08-07,98.94999694824219,98.94999694824219,94.25,98.94999694824219,98.94999694824219,31265
2020-08-10,103.8499984741211,103.8499984741211,103.8499984741211,103.8499984741211,103.8499984741211,21582
2020-08-11,109.0,109.0,99.5,109.0,109.0,90037
2020-08-12,107.0,113.5,103.75,107.5999984741211,107.5999984741211,54001
2020-08-13,110.0,110.0,104.0,107.1500015258789,107.1500015258789,30874
2020-08-14,109.0,109.0,101.80000305175781,101.8499984741211,101.8499984741211,29270
2020-08-17,101.8499984741211,101.8499984741211,96.80000305175781,96.80000305175781,96.80000305175781,7069
2020-08-18,92.0,101.5999984741211,92.0,101.5999984741211,101.5999984741211,65869
2020-08-19,101.5999984741211,106.6500015258789,97.0,106.6500015258789,106.6500015258789,55686
2020-08-20,103.0,111.94999694824219,103.0,109.1500015258789,109.1500015258789,60066
2020-08-21,113.9000015258789,114.5999984741211,109.1500015258789,114.5999984741211,114.5999984741211,59644
2020-08-24,108.9000015258789,108.9000015258789,108.9000015258789,108.9000015258789,108.9000015258789,15522
2020-08-25,103.5,103.5,103.5,103.5,103.5,23826
2020-08-26,98.3499984741211,98.3499984741211,98.3499984741211,98.3499984741211,98.3499984741211,10990
2020-08-27,94.0,103.25,93.44999694824219,100.3499984741211,100.3499984741211,189226
2020-08-28,100.0,102.9000015258789,95.9000015258789,96.3499984741211,96.3499984741211,58281
2020-08-31,101.0,101.1500015258789,92.5,97.0999984741211,97.0999984741211,49872
2020-09-01,92.5,101.0,92.25,94.55000305175781,94.55000305175781,35338
2020-09-02,94.5999984741211,97.5,90.05000305175781,94.80000305175781,94.80000305175781,16468
2020-09-03,97.9000015258789,97.9000015258789,91.1500015258789,94.25,94.25,9202
2020-09-04,94.9000015258789,98.94999694824219,89.55000305175781,98.80000305175781,98.80000305175781,45748
2020-09-07,103.69999694824219,103.69999694824219,98.0,103.69999694824219,103.69999694824219,77842
2020-09-08,105.94999694824219,105.94999694824219,99.1500015258789,100.69999694824219,100.69999694824219,16066
2020-09-09,97.0999984741211,101.0,96.0999984741211,99.55000305175781,99.55000305175781,11566
2020-09-10,99.94999694824219,104.5,97.0,104.25,104.25,50809
2020-09-11,99.55000305175781,109.44999694824219,99.55000305175781,109.44999694824219,109.44999694824219,51889
2020-09-14,114.9000015258789,114.9000015258789,114.9000015258789,114.9000015258789,114.9000015258789,29554
2020-09-15,120.5999984741211,120.5999984741211,111.19999694824219,115.9000015258789,115.9000015258789,82459
2020-09-16,121.6500015258789,121.6500015258789,121.6500015258789,121.6500015258789,121.6500015258789,38256
2020-09-17,127.69999694824219,127.69999694824219,127.69999694824219,127.69999694824219,127.69999694824219,26611
2020-09-18,134.0500030517578,134.0500030517578,134.0500030517578,134.0500030517578,134.0500030517578,18441
2020-09-21,140.75,140.75,137.0,140.75,140.75,103276
2020-09-22,145.0,147.5,133.75,145.14999389648438,145.14999389648438,162576
2020-09-23,150.0,150.0,141.25,146.0,146.0,47251
2020-09-24,145.0,146.0,138.6999969482422,141.9499969482422,141.9499969482422,39784
2020-09-25,148.5,148.5,134.89999389648438,138.5,138.5,29249
2020-09-28,138.5,138.89999389648438,131.60000610351562,134.64999389648438,134.64999389648438,49459
2020-09-29,136.64999389648438,137.6999969482422,129.0,130.0,130.0,22153
2020-09-30,129.0,136.5,125.0999984741211,136.5,136.5,23532
2020-10-01,143.3000030517578,143.3000030517578,138.5,143.3000030517578,143.3000030517578,28338
2020-10-05,146.85000610351562,150.4499969482422,146.0,150.4499969482422,150.4499969482422,39588
2020-10-06,157.89999389648438,157.9499969482422,148.0,151.35000610351562,151.35000610351562,72360
2020-10-07,152.89999389648438,156.0,143.8000030517578,147.75,147.75,56953
2020-10-08,150.0,150.0,140.39999389648438,140.89999389648438,140.89999389648438,30973
2020-10-09,135.10000610351562,147.75,135.10000610351562,144.0500030517578,144.0500030517578,30919
2020-10-12,144.0500030517578,148.8000030517578,137.0500030517578,139.10000610351562,139.10000610351562,14621
2020-10-13,135.0500030517578,142.89999389648438,135.0500030517578,137.75,137.75,16081
2020-10-14,138.0,141.75,130.89999389648438,133.8000030517578,133.8000030517578,24748
2020-10-15,130.39999389648438,133.8000030517578,127.1500015258789,127.19999694824219,127.19999694824219,38353
2020-10-16,127.19999694824219,129.9499969482422,121.19999694824219,124.05000305175781,124.05000305175781,19350
2020-10-19,127.9000015258789,130.25,124.0,130.14999389648438,130.14999389648438,23671
2020-10-20,131.10000610351562,136.64999389648438,131.0500030517578,136.64999389648438,136.64999389648438,10116
2020-10-21,142.8000030517578,143.4499969482422,135.0,143.4499969482422,143.4499969482422,38950
2020-10-22,144.8000030517578,144.89999389648438,140.75,141.10000610351562,141.10000610351562,33516
2020-10-23,134.5,142.0,134.25,135.5500030517578,135.5500030517578,14793
2020-10-26,135.5,138.6999969482422,130.0,131.5,131.5,13353
2020-10-27,131.10000610351562,133.89999389648438,127.55000305175781,129.5500030517578,129.5500030517578,7247
2020-10-28,132.85000610351562,132.85000610351562,125.0999984741211,130.10000610351562,130.10000610351562,5270
2020-10-29,128.0,135.39999389648438,125.69999694824219,133.5500030517578,133.5500030517578,12321
2020-10-30,135.5,139.0,130.5,134.25,134.25,15135
2020-11-02,140.9499969482422,140.9499969482422,137.5,139.60000610351562,139.60000610351562,40774
2020-11-03,140.0,146.5500030517578,138.5500030517578,144.9499969482422,144.9499969482422,59972
2020-11-04,139.0,144.89999389648438,138.39999389648438,140.4499969482422,140.4499969482422,8311
2020-11-05,142.0,147.4499969482422,135.60000610351562,144.75,144.75,32758
2020-11-06,146.0,147.89999389648438,139.1999969482422,142.35000610351562,142.35000610351562,40721
2020-11-09,149.0,149.4499969482422,139.0,141.3000030517578,141.3000030517578,51845
2020-11-10,143.0,147.0,134.25,134.4499969482422,134.4499969482422,29653
2020-11-11,134.89999389648438,139.3000030517578,128.10000610351562,132.1999969482422,132.1999969482422,40795
2020-11-12,135.0,137.0,128.64999389648438,133.9499969482422,133.9499969482422,17248
2020-11-13,133.9499969482422,136.6999969482422,133.0,135.75,135.75,10805
2020-11-14,138.0,140.0,131.10000610351562,136.25,136.25,5011
2020-11-17,136.10000610351562,137.8000030517578,132.0,132.4499969482422,132.4499969482422,18856
2020-11-18,132.0,133.14999389648438,127.55000305175781,130.0,130.0,25037
2020-11-19,133.89999389648438,134.0,125.8499984741211,126.25,126.25,38880
2020-11-20,123.55000305175781,128.9499969482422,120.25,126.80000305175781,126.80000305175781,49587
2020-11-23,122.25,133.10000610351562,122.25,133.10000610351562,133.10000610351562,31763
2020-11-24,139.75,139.75,139.75,139.75,139.75,31202
2020-11-25,146.6999969482422,146.6999969482422,133.0,137.14999389648438,137.14999389648438,118648
2020-11-26,137.10000610351562,144.0,135.0500030517578,140.39999389648438,140.39999389648438,62382
2020-11-27,140.39999389648438,144.0,137.0,140.75,140.75,29894
2020-12-01,142.9499969482422,143.0,135.0,136.3000030517578,136.3000030517578,40289
2020-12-02,140.0,142.0,135.35000610351562,140.10000610351562,140.10000610351562,74362
2020-12-03,141.9499969482422,143.0,135.0,136.35000610351562,136.35000610351562,49481
2020-12-04,136.35000610351562,139.89999389648438,132.60000610351562,134.14999389648438,134.14999389648438,47687
2020-12-07,138.89999389648438,138.89999389648438,130.4499969482422,133.35000610351562,133.35000610351562,50321
2020-12-08,134.0,135.10000610351562,131.4499969482422,133.14999389648438,133.14999389648438,28939
2020-12-09,135.25,135.5500030517578,131.5,133.0500030517578,133.0500030517578,24363
2020-12-10,133.0,146.35000610351562,130.0,141.5500030517578,141.5500030517578,209523
2020-12-11,146.35000610351562,147.89999389648438,140.25,142.64999389648438,142.64999389648438,73139
2020-12-14,145.0,145.0,139.0500030517578,142.5,142.5,24350
2020-12-15,140.85000610351562,143.0,136.0,138.3000030517578,138.3000030517578,23693
2020-12-16,140.0,141.39999389648438,136.0,139.60000610351562,139.60000610351562,27891
2020-12-17,141.85000610351562,141.85000610351562,138.3000030517578,139.0500030517578,139.0500030517578,15005
2020-12-18,137.8000030517578,141.4499969482422,132.5,135.35000610351562,135.35000610351562,54093
2020-12-21,133.75,136.0,123.3499984741211,127.30000305175781,127.30000305175781,80540
2020-12-22,127.30000305175781,133.3000030517578,116.05000305175781,129.9499969482422,129.9499969482422,36248
2020-12-23,133.9499969482422,139.25,127.25,136.0,136.0,62613
2020-12-24,131.4499969482422,136.9499969482422,131.4499969482422,133.25,133.25,34889
2020-12-28,132.3000030517578,140.9499969482422,132.3000030517578,138.39999389648438,138.39999389648438,57550
2020-12-29,138.9499969482422,138.9499969482422,133.0,136.89999389648438,136.89999389648438,32588
2020-12-30,135.0500030517578,150.5500030517578,134.60000610351562,147.0500030517578,147.0500030517578,474849
2020-12-31,148.60000610351562,155.0500030517578,145.89999389648438,150.14999389648438,150.14999389648438,235564
2021-01-01,154.0,165.14999389648438,149.0,165.14999389648438,165.14999389648438,129016
2021-01-04,181.0,181.64999389648438,177.10000610351562,181.64999389648438,181.64999389648438,54721
2021-01-05,190.6999969482422,190.6999969482422,172.60000610351562,174.35000610351562,174.35000610351562,425066
2021-01-06,174.0,179.0,166.14999389648438,171.25,171.25,53575
2021-01-07,171.3000030517578,177.5,164.5,171.39999389648438,171.39999389648438,64998
2021-01-08,174.3000030517578,179.9499969482422,168.0,170.0,170.0,47574
2021-01-11,170.0,175.4499969482422,165.10000610351562,167.9499969482422,167.9499969482422,38885
2021-01-12,168.35000610351562,170.9499969482422,160.10000610351562,161.60000610351562,161.60000610351562,45054
2021-01-13,163.4499969482422,164.64999389648438,155.0,159.64999389648438,159.64999389648438,45396
2021-01-14,163.0,167.0,157.0,163.9499969482422,163.9499969482422,35898
2021-01-15,163.9499969482422,172.10000610351562,162.14999389648438,172.0500030517578,172.0500030517578,44871
2021-01-18,178.89999389648438,178.89999389648438,163.4499969482422,171.0,171.0,57696
2021-01-19,174.89999389648438,174.89999389648438,167.0500030517578,169.64999389648438,169.64999389648438,33543
2021-01-20,172.9499969482422,173.0,162.0,164.0,164.0,42531
2021-01-21,164.0,172.1999969482422,163.9499969482422,166.0,166.0,43705
2021-01-22,169.35000610351562,169.89999389648438,161.9499969482422,164.8000030517578,164.8000030517578,21099
2021-01-25,165.0,166.39999389648438,160.0,161.5500030517578,161.5500030517578,21633
2021-01-27,162.1999969482422,162.1999969482422,156.0,157.5500030517578,157.5500030517578,19486
2021-01-28,155.3000030517578,165.39999389648438,153.5,165.1999969482422,165.1999969482422,23664
2021-01-29,159.0,169.0,159.0,161.9499969482422,161.9499969482422,42545
2021-02-01,158.0,163.75,158.0,160.5500030517578,160.5500030517578,10287
2021-02-02,162.9499969482422,168.5500030517578,162.9499969482422,168.5500030517578,168.5500030517578,29595
2021-02-03,170.0,176.9499969482422,168.0,176.9499969482422,176.9499969482422,52795
2021-02-04,179.0,185.0,175.64999389648438,177.85000610351562,177.85000610351562,80795
2021-02-05,177.85000610351562,185.0,175.0,176.64999389648438,176.64999389648438,37167
2021-02-08,176.64999389648438,184.0,170.0,178.89999389648438,178.89999389648438,46698
2021-02-09,185.0500030517578,194.0,182.0,184.4499969482422,184.4499969482422,222340
2021-02-10,188.10000610351562,188.10000610351562,175.9499969482422,178.9499969482422,178.9499969482422,54473
2021-02-11,178.10000610351562,185.0,176.75,180.5,180.5,39012
2021-02-12,177.6999969482422,182.0,176.75,178.85000610351562,178.85000610351562,36676
2021-02-15,176.5,189.0,174.0500030517578,188.0,188.0,116053
2021-02-16,187.0,199.0,186.9499969482422,192.75,192.75,162369
2021-02-17,196.0,200.5,188.89999389648438,191.35000610351562,191.35000610351562,174222
2021-02-18,193.0,210.4499969482422,190.5500030517578,210.4499969482422,210.4499969482422,266564
2021-02-19,215.0,227.89999389648438,208.25,222.9499969482422,222.9499969482422,222566
2021-02-22,224.4499969482422,229.8000030517578,211.85000610351562,214.10000610351562,214.10000610351562,93775
2021-02-23,214.0,220.0,212.0,213.85000610351562,213.85000610351562,46502
2021-02-24,212.1999969482422,214.75,203.1999969482422,205.0,205.0,45156
2021-02-25,215.25,215.25,205.5,208.25,208.25,40226
2021-02-26,206.5,209.9499969482422,201.0,205.75,205.75,35612
2021-03-01,203.75,216.0,203.75,216.0,216.0,32211
2021-03-02,219.0,226.8000030517578,219.0,222.14999389648438,222.14999389648438,80437
2021-03-03,222.5500030517578,227.8000030517578,212.5,216.9499969482422,216.9499969482422,52961
2021-03-04,216.9499969482422,220.0,212.5500030517578,214.60000610351562,214.60000610351562,27144
2021-03-05,216.0,222.0,208.0500030517578,209.8000030517578,209.8000030517578,30230
2021-03-08,215.0,220.25,207.9499969482422,220.25,220.25,39579
2021-03-09,231.10000610351562,231.25,225.25,228.10000610351562,228.10000610351562,164203
2021-03-10,231.0,239.0,226.0500030517578,236.60000610351562,236.60000610351562,153163
2021-03-12,245.5,245.5,235.1999969482422,236.60000610351562,236.60000610351562,74105
2021-03-15,240.0,244.0,228.0,242.10000610351562,242.10000610351562,54787
2021-03-16,244.0,254.1999969482422,241.1999969482422,253.10000610351562,253.10000610351562,118101
2021-03-17,253.9499969482422,265.75,253.9499969482422,265.75,265.75,44822
2021-03-18,271.8999938964844,279.0,252.5,257.8999938964844,257.8999938964844,221760
2021-03-19,251.89999389648438,270.75,245.0500030517578,270.75,270.75,128463
2021-03-22,273.8999938964844,284.25,273.8999938964844,284.25,284.25,41038
2021-03-23,293.0,298.45001220703125,290.3500061035156,298.45001220703125,298.45001220703125,43514
2021-03-24,308.0,313.3500061035156,292.0,297.95001220703125,297.95001220703125,310886
2021-03-25,309.45001220703125,309.5,283.1000061035156,297.75,297.75,159812
2021-03-26,307.0,309.8999938964844,292.04998779296875,302.8500061035156,302.8500061035156,190362
2021-03-30,307.8999938964844,310.0,287.75,287.75,287.75,72347
2021-03-31,284.75,284.75,273.3999938964844,274.79998779296875,274.79998779296875,93098
2021-04-01,282.79998779296875,288.0,261.1000061035156,284.95001220703125,284.95001220703125,159692
2021-04-05,289.8500061035156,299.1499938964844,272.3500061035156,298.20001220703125,298.20001220703125,134796
2021-04-06,301.0,307.0,290.0,297.1000061035156,297.1000061035156,68452
2021-04-07,297.0,303.5,290.0,292.6000061035156,292.6000061035156,30693
2021-04-08,296.70001220703125,301.0,286.04998779296875,287.6499938964844,287.6499938964844,39776
2021-04-09,287.6499938964844,294.75,281.6499938964844,288.20001220703125,288.20001220703125,27157
2021-04-12,279.0,284.8999938964844,274.0,275.8999938964844,275.8999938964844,73116
2021-04-13,275.5,289.6499938964844,270.0,285.1000061035156,285.1000061035156,94729
2021-04-15,281.0,299.3500061035156,279.1000061035156,286.54998779296875,286.54998779296875,84844
2021-04-16,293.04998779296875,296.5,285.54998779296875,291.1499938964844,291.1499938964844,42853
2021-04-19,295.0,305.70001220703125,280.54998779296875,305.70001220703125,305.70001220703125,122630
2021-04-20,313.0,320.95001220703125,310.0,320.95001220703125,320.95001220703125,56303
2021-04-22,336.95001220703125,336.95001220703125,329.8500061035156,336.95001220703125,336.95001220703125,37791
2021-04-23,353.75,353.75,330.0,338.95001220703125,338.95001220703125,231547
2021-04-26,339.3999938964844,345.04998779296875,322.04998779296875,322.04998779296875,322.04998779296875,76550
2021-04-27,314.1000061035156,332.25,305.95001220703125,325.8500061035156,325.8500061035156,108093
2021-04-28,337.5,337.5,312.70001220703125,315.0,315.0,51806
2021-04-29,320.0,325.0,312.95001220703125,318.3500061035156,318.3500061035156,37098
2021-04-30,318.3999938964844,318.54998779296875,309.45001220703125,312.79998779296875,312.79998779296875,32685
2021-05-03,316.95001220703125,328.3999938964844,315.0,328.3999938964844,328.3999938964844,26516
2021-05-04,343.95001220703125,344.79998779296875,329.04998779296875,338.29998779296875,338.29998779296875,151447
2021-05-05,340.0,348.0,329.45001220703125,331.6000061035156,331.6000061035156,33956
2021-05-06,338.75,339.0,323.04998779296875,326.8999938964844,326.8999938964844,16730
2021-05-07,327.95001220703125,343.20001220703125,323.0,332.79998779296875,332.79998779296875,64309
2021-05-10,335.8999938964844,339.95001220703125,324.5,325.8999938964844,325.8999938964844,32300
2021-05-11,326.0,330.70001220703125,312.04998779296875,317.5,317.5,89515
2021-05-12,319.8500061035156,325.3999938964844,312.0,315.6499938964844,315.6499938964844,38567
2021-05-14,315.5,328.8500061035156,308.1499938964844,312.45001220703125,312.45001220703125,49318
2021-05-17,315.0,315.0,304.0,306.1499938964844,306.1499938964844,36928
2021-05-18,313.0,315.0,302.04998779296875,308.6499938964844,308.6499938964844,44533
2021-05-19,308.79998779296875,314.0,302.5,307.75,307.75,24685
2021-05-20,309.95001220703125,310.3500061035156,303.0,305.54998779296875,305.54998779296875,24625
2021-05-21,307.0,320.79998779296875,307.0,320.79998779296875,320.79998779296875,36142
2021-05-24,325.8999938964844,326.0,310.0,313.5,313.5,35724
2021-05-25,319.95001220703125,329.0,316.5,320.8999938964844,320.8999938964844,46914
2021-05-26,321.20001220703125,330.45001220703125,321.04998779296875,322.95001220703125,322.95001220703125,32594
2021-05-27,324.0,332.0,322.54998779296875,325.29998779296875,325.29998779296875,42482
2021-05-28,324.1000061035156,331.0,322.25,324.79998779296875,324.79998779296875,45305
2021-05-31,324.5,338.0,324.5,334.54998779296875,334.54998779296875,64478
2021-06-01,317.8500061035156,324.0,317.8500061035156,317.8500061035156,317.8500061035156,190890
2021-06-02,303.5,310.95001220703125,302.0,303.1499938964844,303.1499938964844,127218
2021-06-03,313.0,318.29998779296875,294.0,318.29998779296875,318.29998779296875,158999
2021-06-04,326.0,334.20001220703125,320.54998779296875,329.45001220703125,329.45001220703125,221188
2021-06-07,331.70001220703125,339.79998779296875,325.5,328.6000061035156,328.6000061035156,59527
2021-06-08,330.3999938964844,338.0,325.5,330.6499938964844,330.6499938964844,43297
2021-06-09,330.45001220703125,331.0,315.0,316.3500061035156,316.3500061035156,46179
2021-06-10,318.0,323.95001220703125,313.1499938964844,317.5,317.5,20351
2021-06-11,320.3999938964844,322.0,309.0,312.3500061035156,312.3500061035156,49991
2021-06-14,319.0,320.0,314.5,316.45001220703125,316.45001220703125,42917
2021-06-15,319.8500061035156,320.0,315.20001220703125,317.70001220703125,317.70001220703125,15423
2021-06-16,320.8999938964844,321.20001220703125,311.0,312.6000061035156,312.6000061035156,21362
2021-06-17,312.1000061035156,328.20001220703125,308.8999938964844,328.20001220703125,328.20001220703125,220855
2021-06-18,344.6000061035156,344.6000061035156,316.25,340.95001220703125,340.95001220703125,295403
2021-06-21,339.79998779296875,348.5,331.75,339.70001220703125,339.70001220703125,166920
2021-06-22,345.0,346.8500061035156,332.25,336.04998779296875,336.04998779296875,50764
2021-06-23,338.8999938964844,345.0,324.5,330.20001220703125,330.20001220703125,61190
2021-06-24,334.45001220703125,341.95001220703125,330.75,334.1000061035156,334.1000061035156,51538
2021-06-25,336.70001220703125,350.79998779296875,332.6000061035156,350.79998779296875,350.79998779296875,158276
2021-06-28,368.29998779296875,368.29998779296875,368.29998779296875,368.29998779296875,368.29998779296875,26041
2021-06-29,386.70001220703125,386.70001220703125,374.95001220703125,386.70001220703125,386.70001220703125,115521
2021-06-30,402.8500061035156,406.0,396.95001220703125,406.0,406.0,81214
2021-07-01,414.0,414.6000061035156,385.70001220703125,385.75,385.75,207276
2021-07-02,380.0,405.0,373.0,405.0,405.0,139890
2021-07-05,422.3999938964844,425.25,410.95001220703125,425.25,425.25,90504
2021-07-06,433.95001220703125,446.45001220703125,404.0,408.29998779296875,408.29998779296875,161824
2021-07-07,411.0,418.20001220703125,394.1000061035156,412.79998779296875,412.79998779296875,53255
2021-07-08,413.0,423.45001220703125,407.29998779296875,410.1499938964844,410.1499938964844,39674
2021-07-09,412.0,421.8500061035156,410.1000061035156,413.5,413.5,35486
2021-07-12,433.0,434.1499938964844,433.0,434.1499938964844,434.1499938964844,33043
2021-07-13,455.8500061035156,455.8500061035156,442.0,455.8500061035156,455.8500061035156,86338
2021-07-14,464.0,470.0,435.0,440.8500061035156,440.8500061035156,100770
2021-07-15,447.75,462.8500061035156,441.0,459.20001220703125,459.20001220703125,118416
2021-07-16,469.8500061035156,477.25,450.0,457.54998779296875,457.54998779296875,91646
2021-07-19,453.0,476.6000061035156,443.04998779296875,461.5,461.5,107490
2021-07-20,461.1000061035156,470.3500061035156,442.79998779296875,451.3500061035156,451.3500061035156,57920
2021-07-22,458.95001220703125,472.0,451.70001220703125,468.3500061035156,468.3500061035156,54243
2021-07-23,469.0,469.5,456.45001220703125,463.95001220703125,463.95001220703125,31048
2021-07-26,466.0,467.5,445.0,447.54998779296875,447.54998779296875,38345
2021-07-27,453.70001220703125,466.0,430.0,436.75,436.75,79340
2021-07-28,438.70001220703125,441.29998779296875,415.04998779296875,424.1499938964844,424.1499938964844,58458
2021-07-29,428.0,445.3500061035156,427.79998779296875,445.3500061035156,445.3500061035156,39108
2021-07-30,463.0,467.6000061035156,453.5,467.6000061035156,467.6000061035156,64836
2021-08-02,488.0,490.95001220703125,467.0,472.1000061035156,472.1000061035156,117067
2021-08-03,475.8999938964844,495.70001220703125,472.75,495.70001220703125,495.70001220703125,92485
2021-08-04,506.0,520.4500122070312,481.6000061035156,516.7999877929688,516.7999877929688,354659
2021-08-05,529.0,529.0,491.0,505.3500061035156,505.3500061035156,190701
2021-08-06,516.0499877929688,593.2999877929688,500.25,580.5499877929688,580.5499877929688,938510
2021-08-09,590.0,639.0,520.0999755859375,611.4500122070312,611.4500122070312,983332
2021-08-10,611.0,627.5999755859375,510.0,560.0,560.0,407528
2021-08-11,562.0499877929688,564.0,504.0,523.2000122070312,523.2000122070312,170628
2021-08-12,525.0,561.4500122070312,525.0,534.8499755859375,534.8499755859375,91699
2021-08-13,542.0,545.5,501.25,505.8500061035156,505.8500061035156,87045
2021-08-16,505.8500061035156,505.8500061035156,469.0,473.29998779296875,473.29998779296875,96808
2021-08-17,460.3999938964844,523.4000244140625,455.04998779296875,496.6499938964844,496.6499938964844,196699
2021-08-18,499.6499938964844,521.7999877929688,499.6499938964844,508.1000061035156,508.1000061035156,108990
2021-08-20,487.0,521.6500244140625,487.0,498.25,498.25,95628
2021-08-23,506.0,515.0,457.29998779296875,480.8999938964844,480.8999938964844,124523
2021-08-24,481.1000061035156,496.0,480.54998779296875,486.3999938964844,486.3999938964844,53037
2021-08-25,488.6000061035156,499.95001220703125,473.54998779296875,483.20001220703125,483.20001220703125,39551
2021-08-26,479.0,495.04998779296875,471.0,472.3500061035156,472.3500061035156,44990
2021-08-27,474.95001220703125,493.75,467.8999938964844,474.1000061035156,474.1000061035156,46872
2021-08-30,475.1000061035156,486.0,475.1000061035156,480.5,480.5,23289
2021-08-31,484.95001220703125,493.54998779296875,477.0,478.04998779296875,478.04998779296875,48463
2021-09-01,480.0,483.3500061035156,470.54998779296875,474.25,474.25,29543
2021-09-02,471.04998779296875,480.0,463.04998779296875,465.1499938964844,465.1499938964844,40037
2021-09-03,466.0,491.3500061035156,463.0,477.79998779296875,477.79998779296875,83935
2021-09-06,475.0,486.0,468.54998779296875,471.04998779296875,471.04998779296875,30942
2021-09-07,466.1000061035156,474.75,463.0,463.6499938964844,463.6499938964844,24357
2021-09-08,463.25,504.8500061035156,463.1499938964844,492.20001220703125,492.20001220703125,189432
2021-09-09,495.1000061035156,515.0,492.5,498.70001220703125,498.70001220703125,115252
2021-09-13,497.95001220703125,503.1499938964844,478.1000061035156,480.8999938964844,480.8999938964844,42168
2021-09-14,481.0,499.0,480.0,482.1499938964844,482.1499938964844,104651
2021-09-15,480.0,491.1000061035156,475.0,478.70001220703125,478.70001220703125,76565
2021-09-16,479.29998779296875,485.8999938964844,468.0,471.70001220703125,471.70001220703125,48389
2021-09-17,476.0,480.0,461.0,466.75,466.75,35259
2021-09-20,466.95001220703125,476.54998779296875,451.0,460.1000061035156,460.1000061035156,114631
2021-09-21,464.0,464.70001220703125,451.8999938964844,458.8999938964844,458.8999938964844,35933
2021-09-22,458.1000061035156,469.70001220703125,453.0,456.04998779296875,456.04998779296875,51040
2021-09-23,456.5,476.0,456.5,468.20001220703125,468.20001220703125,44360
2021-09-24,468.04998779296875,471.0,458.8500061035156,460.75,460.75,36496
2021-09-27,456.1000061035156,465.0,446.54998779296875,450.3999938964844,450.3999938964844,41790
2021-09-28,455.0,457.0,439.8500061035156,449.0,449.0,58237
2021-09-29,449.0,459.0,447.04998779296875,452.95001220703125,452.95001220703125,49269
2021-09-30,453.0,457.0,444.3999938964844,452.0,452.0,44411
2021-10-01,448.0,457.0,442.95001220703125,444.79998779296875,444.79998779296875,49628
2021-10-04,444.79998779296875,456.5,442.1499938964844,443.1499938964844,443.1499938964844,49688
2021-10-05,443.8999938964844,454.0,442.0,448.45001220703125,448.45001220703125,67550
2021-10-06,450.0,458.29998779296875,445.1000061035156,447.54998779296875,447.54998779296875,40647
2021-10-07,446.1000061035156,457.0,444.5,447.45001220703125,447.45001220703125,44437
2021-10-08,446.54998779296875,452.5,433.3999938964844,438.25,438.25,39240
2021-10-11,444.8999938964844,445.3999938964844,420.29998779296875,424.70001220703125,424.70001220703125,63482
2021-10-12,427.54998779296875,429.0,412.95001220703125,418.3500061035156,418.3500061035156,78844
2021-10-13,424.8999938964844,424.8999938964844,415.5,418.95001220703125,418.95001220703125,46857
2021-10-14,418.95001220703125,424.0,409.04998779296875,412.6000061035156,412.6000061035156,27479
2021-10-18,419.0,495.1000061035156,414.04998779296875,489.8500061035156,489.8500061035156,596382
2021-10-19,492.95001220703125,499.95001220703125,456.29998779296875,465.29998779296875,465.29998779296875,135961
2021-10-20,472.0,484.79998779296875,433.0,465.3500061035156,465.3500061035156,108449
2021-10-21,468.0,473.3500061035156,440.0,452.75,452.75,63234
2021-10-22,455.0,455.0,436.0,439.3999938964844,439.3999938964844,56153
2021-10-25,436.0,518.0,428.79998779296875,502.6000061035156,502.6000061035156,436896
2021-10-26,507.79998779296875,517.0,488.95001220703125,503.75,503.75,219557
2021-10-27,504.95001220703125,585.5499877929688,504.29998779296875,558.2000122070312,558.2000122070312,739424
2021-10-28,566.9000244140625,567.5499877929688,515.0999755859375,520.5499877929688,520.5499877929688,165333
2021-10-29,519.0,522.5999755859375,490.0,500.04998779296875,500.04998779296875,135818
2021-11-01,517.0,584.0,517.0,545.0999755859375,545.0999755859375,190411
2021-11-02,543.0,543.0,520.0,526.1500244140625,526.1500244140625,52288
2021-11-03,529.8499755859375,550.0,521.1500244140625,525.4000244140625,525.4000244140625,99188
2021-11-04,525.0,532.9500122070312,524.8499755859375,529.7000122070312,529.7000122070312,11696
2021-11-08,513.1500244140625,533.1500244140625,504.0,510.25,510.25,64299
2021-11-09,509.8999938964844,523.9000244140625,503.70001220703125,508.3999938964844,508.3999938964844,44687
2021-11-10,508.54998779296875,521.5,500.0,502.75,502.75,92448
2021-11-11,492.70001220703125,511.29998779296875,488.95001220703125,492.75,492.75,48658
2021-11-12,495.0,500.79998779296875,479.0,482.70001220703125,482.70001220703125,107881
2021-11-15,483.0,486.0,450.04998779296875,454.0,454.0,66726
2021-11-16,460.0,463.95001220703125,433.75,448.75,448.75,66530
2021-11-17,448.75,466.8500061035156,445.20001220703125,450.1499938964844,450.1499938964844,40190
2021-11-18,450.70001220703125,450.70001220703125,422.0,425.70001220703125,425.70001220703125,63593
2021-11-22,448.0,448.0,409.1000061035156,410.5,410.5,77073
2021-11-23,415.0,473.6000061035156,407.79998779296875,461.45001220703125,461.45001220703125,130345
2021-11-24,459.04998779296875,468.0,446.0,453.20001220703125,453.20001220703125,113817
2021-11-25,447.1499938964844,460.0,432.95001220703125,436.54998779296875,436.54998779296875,72995
2021-11-26,430.0,474.0,427.25,457.95001220703125,457.95001220703125,108560
2021-11-29,451.8999938964844,455.0,433.54998779296875,439.5,439.5,52248
2021-11-30,436.1499938964844,455.0,436.04998779296875,444.45001220703125,444.45001220703125,54550
2021-12-01,444.45001220703125,451.95001220703125,434.25,439.75,439.75,33574
2021-12-02,442.70001220703125,447.3999938964844,433.1499938964844,438.1499938964844,438.1499938964844,32007
2021-12-03,440.70001220703125,448.0,435.95001220703125,437.8999938964844,437.8999938964844,69075
2021-12-06,454.79998779296875,472.0,441.04998779296875,452.45001220703125,452.45001220703125,79457
2021-12-07,463.0,466.6000061035156,445.54998779296875,452.6499938964844,452.6499938964844,28510
2021-12-08,452.6499938964844,475.0,451.95001220703125,470.0,470.0,101857
2021-12-09,498.0,529.7000122070312,489.0,493.6499938964844,493.6499938964844,406940
2021-12-10,491.0,491.0,473.1000061035156,476.6499938964844,476.6499938964844,63188
2021-12-13,482.70001220703125,487.3500061035156,457.5,463.25,463.25,74160
2021-12-14,463.0,463.0,438.04998779296875,442.04998779296875,442.04998779296875,141304
2021-12-15,449.8999938964844,456.8999938964844,440.6000061035156,443.8500061035156,443.8500061035156,158068
2021-12-16,447.0,447.0,412.6499938964844,420.79998779296875,420.79998779296875,222465
2021-12-17,416.0,433.1000061035156,416.0,423.25,423.25,89159
2021-12-20,423.79998779296875,423.79998779296875,384.0,391.3999938964844,391.3999938964844,134962
2021-12-21,393.1000061035156,401.8999938964844,373.04998779296875,388.75,388.75,165272
2021-12-22,393.0,403.20001220703125,375.0,377.6499938964844,377.6499938964844,114387
2021-12-23,382.8999938964844,394.8999938964844,377.54998779296875,379.04998779296875,379.04998779296875,121647
2021-12-24,383.8999938964844,388.6499938964844,371.25,375.3500061035156,375.3500061035156,73207
2021-12-27,373.0,379.3999938964844,362.95001220703125,368.75,368.75,93091
2021-12-28,374.3999938964844,406.29998779296875,372.0,394.45001220703125,394.45001220703125,178744
2021-12-29,395.79998779296875,430.5,388.8999938964844,421.0,421.0,279948
2021-12-30,426.70001220703125,430.0,403.20001220703125,407.20001220703125,407.20001220703125,71329
2021-12-31,407.20001220703125,418.0,403.0,408.79998779296875,408.79998779296875,78786
2022-01-03,410.0,424.0,410.0,412.75,412.75,62881
2022-01-04,417.70001220703125,420.0,400.04998779296875,402.54998779296875,402.54998779296875,114785
2022-01-05,405.0,410.75,396.04998779296875,397.3999938964844,397.3999938964844,56492
2022-01-06,395.70001220703125,407.6000061035156,393.95001220703125,404.75,404.75,32793
2022-01-07,407.0,409.3500061035156,393.0,402.6000061035156,402.6000061035156,59631
2022-01-10,400.0,413.75,396.8500061035156,407.25,407.25,38200
2022-01-11,409.70001220703125,409.70001220703125,398.0,400.25,400.25,61476
2022-01-12,404.8999938964844,404.8999938964844,379.95001220703125,385.3500061035156,385.3500061035156,108023
2022-01-13,393.8999938964844,395.0,383.6499938964844,391.3500061035156,391.3500061035156,62152
2022-01-14,387.0,398.0,387.0,393.6000061035156,393.6000061035156,63390
2022-01-17,393.6000061035156,414.5,391.6000061035156,406.3999938964844,406.3999938964844,61320
2022-01-18,410.45001220703125,413.04998779296875,369.79998779296875,390.6000061035156,390.6000061035156,47842
2022-01-19,394.1499938964844,414.0,384.0,385.25,385.25,49450
2022-01-20,389.3999938964844,394.20001220703125,379.3999938964844,382.04998779296875,382.04998779296875,39817
2022-01-21,383.0,388.79998779296875,368.0,371.1499938964844,371.1499938964844,60794
2022-01-24,365.1000061035156,376.95001220703125,340.0,349.04998779296875,349.04998779296875,118072
2022-01-25,349.75,367.75,339.0,363.95001220703125,363.95001220703125,53562
2022-01-27,363.95001220703125,363.95001220703125,355.0,357.1000061035156,357.1000061035156,34361
2022-01-28,364.25,387.0,343.1499938964844,350.79998779296875,350.79998779296875,152469
2022-01-31,351.0,372.04998779296875,329.54998779296875,340.0,340.0,227510
2022-02-01,315.0,327.04998779296875,303.54998779296875,315.0,315.0,265630
2022-02-02,317.0,337.0,317.0,326.54998779296875,326.54998779296875,123913
2022-02-03,329.45001220703125,335.0,323.0,325.70001220703125,325.70001220703125,69690
2022-02-04,329.70001220703125,331.54998779296875,322.75,326.5,326.5,39199
2022-02-07,328.0,336.0,317.6000061035156,332.3500061035156,332.3500061035156,102779
2022-02-08,333.0,342.54998779296875,316.0,321.20001220703125,321.20001220703125,87293
2022-02-09,324.70001220703125,329.70001220703125,318.6000061035156,326.70001220703125,326.70001220703125,43562
2022-02-10,325.0,328.70001220703125,317.79998779296875,319.29998779296875,319.29998779296875,39842
2022-02-11,316.0,322.1000061035156,313.0,316.25,316.25,21382
2022-02-14,313.0,313.79998779296875,300.0,301.70001220703125,301.70001220703125,45666
2022-02-15,301.8999938964844,309.3500061035156,291.95001220703125,300.3500061035156,300.3500061035156,38048
2022-02-16,304.45001220703125,314.95001220703125,303.70001220703125,309.3500061035156,309.3500061035156,28969
2022-02-17,313.0,313.0,303.0,304.54998779296875,304.54998779296875,21313
2022-02-18,305.0,306.45001220703125,293.70001220703125,297.1499938964844,297.1499938964844,53067
2022-02-21,297.1499938964844,298.04998779296875,282.25,286.54998779296875,286.54998779296875,32597
2022-02-22,279.79998779296875,279.95001220703125,263.8500061035156,268.20001220703125,268.20001220703125,89932
2022-02-23,265.0,313.5,265.0,298.0,298.0,130782
2022-02-24,277.0,290.0,266.54998779296875,271.70001220703125,271.70001220703125,59963
2022-02-25,280.0,300.0,280.0,284.29998779296875,284.29998779296875,97197
2022-02-28,286.0,294.29998779296875,277.70001220703125,288.20001220703125,288.20001220703125,63003
2022-03-02,286.8999938964844,294.5,282.0,285.45001220703125,285.45001220703125,25472
2022-03-03,290.0,295.0,274.8500061035156,277.75,277.75,61191
2022-03-04,273.95001220703125,283.95001220703125,271.25,278.3500061035156,278.3500061035156,35231
2022-03-07,272.3500061035156,279.0,267.5,272.8500061035156,272.8500061035156,38823
2022-03-08,267.0,275.6499938964844,266.54998779296875,272.6000061035156,272.6000061035156,26425
2022-03-09,274.6000061035156,305.0,274.6000061035156,291.6000061035156,291.6000061035156,81203
2022-03-10,294.0,306.45001220703125,287.6499938964844,290.54998779296875,290.54998779296875,47972
2022-03-11,289.0,304.0,289.0,293.25,293.25,83215
2022-03-14,293.25,297.75,288.0,291.75,291.75,24811
2022-03-15,292.5,300.70001220703125,286.54998779296875,292.04998779296875,292.04998779296875,37131
2022-03-16,294.1000061035156,338.75,294.1000061035156,317.20001220703125,317.20001220703125,208249
2022-03-17,329.20001220703125,331.0,315.04998779296875,317.1499938964844,317.1499938964844,53239
2022-03-21,322.0,322.0,307.0,309.1499938964844,309.1499938964844,43476
2022-03-22,313.79998779296875,313.79998779296875,301.0,302.45001220703125,302.45001220703125,41474
2022-03-23,304.95001220703125,308.5,295.54998779296875,299.6499938964844,299.6499938964844,54320
2022-03-24,296.04998779296875,307.6000061035156,292.95001220703125,295.95001220703125,295.95001220703125,60415
2022-03-25,298.0,300.54998779296875,285.6000061035156,289.70001220703125,289.70001220703125,47467
2022-03-28,287.20001220703125,300.5,280.04998779296875,281.1499938964844,281.1499938964844,73269
2022-03-29,281.20001220703125,286.04998779296875,270.0,271.25,271.25,100973
2022-03-30,273.1000061035156,278.54998779296875,260.0,263.20001220703125,263.20001220703125,168251
2022-03-31,265.1499938964844,275.5,264.79998779296875,270.29998779296875,270.29998779296875,192205
2022-04-01,273.3999938964844,297.0,272.0,295.1000061035156,295.1000061035156,124870
2022-04-04,295.5,314.6000061035156,295.5,303.8999938964844,303.8999938964844,103488
2022-04-05,308.3999938964844,323.6000061035156,302.79998779296875,314.6000061035156,314.6000061035156,77768
2022-04-06,317.20001220703125,327.0,312.1000061035156,318.8999938964844,318.8999938964844,110814
2022-04-07,317.0,336.3999938964844,317.0,325.20001220703125,325.20001220703125,98927
2022-04-08,328.0,331.54998779296875,325.0,328.75,328.75,40290
2022-04-11,326.0,379.5,326.0,353.8500061035156,353.8500061035156,308654
2022-04-12,355.0,357.5,342.3500061035156,350.25,350.25,158041
2022-04-13,351.0,365.0,351.0,355.5,355.5,58319
2022-04-18,360.20001220703125,361.0,316.3500061035156,319.6499938964844,319.6499938964844,262487
2022-04-19,322.8999938964844,328.0,309.0,317.95001220703125,317.95001220703125,85684
2022-04-20,308.0,320.3500061035156,308.0,313.1499938964844,313.1499938964844,57669
2022-04-21,314.79998779296875,325.3500061035156,310.3500061035156,323.25,323.25,30438
2022-04-22,318.0,325.8500061035156,308.20001220703125,310.70001220703125,310.70001220703125,76577
2022-04-25,307.1000061035156,309.20001220703125,279.20001220703125,284.6499938964844,284.6499938964844,224287
2022-04-26,288.8500061035156,294.8500061035156,279.0,283.3999938964844,283.3999938964844,72160
2022-04-27,279.5,289.04998779296875,278.29998779296875,287.75,287.75,49998
2022-04-28,287.75,292.0,282.0,284.1000061035156,284.1000061035156,65597
2022-04-29,286.0,298.8500061035156,285.1000061035156,286.8500061035156,286.8500061035156,75633
2022-05-02,285.0,291.0,280.6000061035156,289.0,289.0,35547
2022-05-04,296.0,296.0,280.1000061035156,283.70001220703125,283.70001220703125,55536
2022-05-05,287.95001220703125,293.5,284.20001220703125,291.1499938964844,291.1499938964844,51849
2022-05-06,282.8500061035156,285.29998779296875,276.0,279.8999938964844,279.8999938964844,55829
2022-05-09,275.20001220703125,281.04998779296875,264.95001220703125,268.70001220703125,268.70001220703125,87870
2022-05-10,266.5,273.95001220703125,250.0,254.85000610351562,254.85000610351562,75352
2022-05-11,258.0,258.0,235.0,241.64999389648438,241.64999389648438,58199
2022-05-12,232.0,241.25,202.10000610351562,206.6999969482422,206.6999969482422,340930
2022-05-13,212.10000610351562,238.8000030517578,212.10000610351562,227.39999389648438,227.39999389648438,144902
2022-05-16,227.39999389648438,246.89999389648438,226.8000030517578,240.75,240.75,62389
2022-05-17,250.0,258.0,245.1999969482422,255.5500030517578,255.5500030517578,91646
2022-05-18,259.0,262.0,242.8000030517578,252.60000610351562,252.60000610351562,77156
2022-05-19,245.0,245.0,235.10000610351562,240.75,240.75,34247
2022-05-20,249.0,249.14999389648438,241.0,243.89999389648438,243.89999389648438,24176
2022-05-23,249.0,249.0,237.0,239.5,239.5,10166
2022-05-24,238.0,244.25,219.0,221.0500030517578,221.0500030517578,58874
2022-05-25,226.75,226.75,211.35000610351562,214.6999969482422,214.6999969482422,37634
2022-05-26,216.89999389648438,219.0,211.3000030517578,218.75,218.75,45789
2022-05-27,224.4499969482422,230.0,216.1999969482422,221.9499969482422,221.9499969482422,90897
2022-05-30,217.0,217.0,177.60000610351562,203.0,203.0,665924
2022-05-31,205.0,237.0,205.0,232.10000610351562,232.10000610351562,321833
2022-06-01,236.89999389648438,265.0,236.0,243.0,243.0,359334
2022-06-02,238.10000610351562,244.0,228.4499969482422,233.3000030517578,233.3000030517578,100870
2022-06-03,235.0,263.8999938964844,224.0,227.10000610351562,227.10000610351562,72448
2022-06-06,229.60000610351562,229.60000610351562,216.0,224.3000030517578,224.3000030517578,44482
2022-06-07,224.0,224.0,219.0500030517578,221.75,221.75,28275
2022-06-08,224.4499969482422,225.0,220.14999389648438,221.9499969482422,221.9499969482422,34128
2022-06-09,220.5500030517578,225.0,216.5,219.0,219.0,64648
2022-06-10,215.0,222.89999389648438,215.0,218.6999969482422,218.6999969482422,41623
2022-06-13,216.0,218.0,210.0,213.35000610351562,213.35000610351562,29789
2022-06-14,213.35000610351562,216.5,209.0,210.3000030517578,210.3000030517578,44711
2022-06-15,212.8000030517578,215.0,210.1999969482422,211.4499969482422,211.4499969482422,14091
2022-06-16,213.0,219.89999389648438,204.35000610351562,212.25,212.25,56194
2022-06-17,206.10000610351562,210.0,202.0,207.0500030517578,207.0500030517578,40735
2022-06-20,203.5,208.9499969482422,188.14999389648438,191.25,191.25,60509
2022-06-21,191.35000610351562,194.64999389648438,186.0,187.14999389648438,187.14999389648438,102556
2022-06-22,187.0,188.0,182.10000610351562,185.1999969482422,185.1999969482422,32041
2022-06-23,183.14999389648438,210.0,183.14999389648438,198.0,198.0,110894
2022-06-24,200.0,204.0,196.25,199.85000610351562,199.85000610351562,60652
2022-06-27,207.0,219.6999969482422,203.9499969482422,210.6999969482422,210.6999969482422,108716
2022-06-28,210.8000030517578,215.3000030517578,207.5500030517578,209.5,209.5,29431
2022-06-29,210.4499969482422,211.6999969482422,205.5,206.64999389648438,206.64999389648438,18232
2022-06-30,208.0,210.25,195.1999969482422,196.9499969482422,196.9499969482422,40134
2022-07-01,199.0,205.0,195.10000610351562,203.10000610351562,203.10000610351562,25105
2022-07-04,206.0500030517578,208.5,200.25,202.4499969482422,202.4499969482422,21015
2022-07-05,198.89999389648438,208.0,196.5,199.0,199.0,56057
2022-07-06,199.0,203.6999969482422,195.10000610351562,198.1999969482422,198.1999969482422,43896
2022-07-07,200.9499969482422,201.9499969482422,196.3000030517578,197.4499969482422,197.4499969482422,28980
2022-07-08,200.35000610351562,202.64999389648438,197.9499969482422,199.6999969482422,199.6999969482422,30268
2022-07-11,199.6999969482422,202.64999389648438,199.0500030517578,200.25,200.25,29640
2022-07-12,200.0,208.8000030517578,199.75,207.0500030517578,207.0500030517578,49039
2022-07-13,206.89999389648438,215.9499969482422,206.89999389648438,213.5,213.5,56747
2022-07-14,215.39999389648438,225.0,211.0500030517578,222.14999389648438,222.14999389648438,77712
2022-07-15,223.0,225.9499969482422,213.0500030517578,223.85000610351562,223.85000610351562,80844
2022-07-18,223.64999389648438,229.0,216.5500030517578,218.9499969482422,218.9499969482422,38281
2022-07-19,218.75,218.75,215.39999389648438,216.75,216.75,17458
2022-07-20,218.0,228.5,217.10000610351562,223.85000610351562,223.85000610351562,55389
2022-07-21,224.6999969482422,237.9499969482422,220.85000610351562,231.85000610351562,231.85000610351562,100231
2022-07-22,230.0,237.64999389648438,228.64999389648438,234.89999389648438,234.89999389648438,68242
2022-07-25,234.89999389648438,245.0,229.5,237.89999389648438,237.89999389648438,111629
2022-07-26,240.0500030517578,241.0,230.9499969482422,233.6999969482422,233.6999969482422,60267
2022-07-27,232.35000610351562,232.35000610351562,220.0,225.0,225.0,39111
2022-07-28,224.64999389648438,231.0,222.9499969482422,228.35000610351562,228.35000610351562,54704
2022-07-29,231.75,238.9499969482422,227.8000030517578,235.89999389648438,235.89999389648438,56804
2022-08-01,236.0500030517578,244.89999389648438,231.0,234.35000610351562,234.35000610351562,71469
2022-08-02,237.85000610351562,237.85000610351562,227.0,229.25,229.25,46467
2022-08-03,232.0,232.0,220.3000030517578,220.89999389648438,220.89999389648438,51078
2022-08-04,228.8000030517578,228.8000030517578,215.10000610351562,217.14999389648438,217.14999389648438,78689
2022-08-05,222.75,222.75,209.5,212.10000610351562,212.10000610351562,38666
2022-08-08,216.39999389648438,217.4499969482422,207.0,209.75,209.75,37303
2022-08-10,210.0,210.9499969482422,205.1999969482422,206.6999969482422,206.6999969482422,49570
2022-08-11,209.4499969482422,209.64999389648438,203.60000610351562,206.39999389648438,206.39999389648438,54245
2022-08-12,207.8000030517578,212.0,207.0,209.14999389648438,209.14999389648438,51751
2022-08-16,209.14999389648438,213.39999389648438,208.1999969482422,210.64999389648438,210.64999389648438,43365
2022-08-17,213.39999389648438,216.6999969482422,211.3000030517578,215.25,215.25,36651
2022-08-18,217.0,219.89999389648438,213.89999389648438,214.89999389648438,214.89999389648438,41922
2022-08-19,217.5500030517578,226.5,215.0500030517578,223.4499969482422,223.4499969482422,79274
2022-08-22,225.9499969482422,225.9499969482422,214.0,215.39999389648438,215.39999389648438,32511
2022-08-23,216.5,217.35000610351562,209.5,210.5,210.5,37513
2022-08-24,212.39999389648438,229.10000610351562,210.5500030517578,223.39999389648438,223.39999389648438,74911
2022-08-25,224.60000610351562,230.85000610351562,215.25,218.75,218.75,63755
2022-08-26,218.14999389648438,222.6999969482422,215.0,216.39999389648438,216.39999389648438,30206
2022-08-29,209.0,219.0,206.5,215.1999969482422,215.1999969482422,38336
2022-08-30,217.89999389648438,221.5,215.1999969482422,219.0,219.0,38488
2022-09-01,218.75,221.10000610351562,212.10000610351562,213.35000610351562,213.35000610351562,44358
2022-09-02,215.0,220.0,211.9499969482422,215.0,215.0,34215
2022-09-05,216.6999969482422,218.14999389648438,211.0,212.75,212.75,44369
2022-09-06,213.0,216.89999389648438,210.10000610351562,213.14999389648438,213.14999389648438,35681
2022-09-07,215.0,218.75,213.60000610351562,216.39999389648438,216.39999389648438,35996
2022-09-08,218.39999389648438,221.89999389648438,215.14999389648438,215.89999389648438,215.89999389648438,27928
2022-09-09,215.89999389648438,217.8000030517578,211.6999969482422,213.10000610351562,213.10000610351562,33457
2022-09-12,214.89999389648438,216.0,211.5,212.3000030517578,212.3000030517578,39722
2022-09-13,214.3000030517578,218.0,210.0,213.4499969482422,213.4499969482422,56419
2022-09-14,212.64999389648438,215.6999969482422,210.5500030517578,213.35000610351562,213.35000610351562,37407
2022-09-15,214.89999389648438,214.89999389648438,211.14999389648438,211.9499969482422,211.9499969482422,16935
2022-09-16,213.5,218.0,211.25,212.5500030517578,212.5500030517578,59573
2022-09-19,217.5,228.6999969482422,211.4499969482422,226.0,226.0,258741
2022-09-20,227.60000610351562,233.25,220.25,221.89999389648438,221.89999389648438,121772
2022-09-21,222.6999969482422,225.25,214.1999969482422,219.4499969482422,219.4499969482422,53036
2022-09-22,216.0500030517578,222.1999969482422,215.0,216.25,216.25,31813
2022-09-23,215.0,217.64999389648438,211.0,214.35000610351562,214.35000610351562,41212
2022-09-26,217.5500030517578,217.5500030517578,203.5,207.14999389648438,207.14999389648438,74277
2022-09-27,209.85000610351562,214.89999389648438,201.0,206.39999389648438,206.39999389648438,41881
2022-09-28,207.0,209.89999389648438,201.0,201.35000610351562,201.35000610351562,46158
2022-09-29,208.9499969482422,208.9499969482422,201.0,203.89999389648438,203.89999389648438,17807
2022-09-30,204.14999389648438,208.1999969482422,204.14999389648438,205.14999389648438,205.14999389648438,26499
2022-10-03,205.6999969482422,206.9499969482422,200.10000610351562,201.75,201.75,26929
2022-10-04,204.1999969482422,210.0,203.5500030517578,207.9499969482422,207.9499969482422,38177
2022-10-06,209.25,212.4499969482422,209.0,210.0,210.0,24203
2022-10-07,208.0,209.89999389648438,205.10000610351562,209.0,209.0,18888
2022-10-10,203.89999389648438,208.4499969482422,203.10000610351562,205.60000610351562,205.60000610351562,30634
2022-10-11,207.8000030517578,215.85000610351562,206.0,209.89999389648438,209.89999389648438,55219
2022-10-12,211.85000610351562,211.85000610351562,200.5500030517578,206.0500030517578,206.0500030517578,52335
2022-10-13,207.0,207.0,201.25,203.14999389648438,203.14999389648438,34004
2022-10-14,205.9499969482422,208.0,204.0,205.10000610351562,205.10000610351562,20744
2022-10-17,207.39999389648438,207.39999389648438,200.60000610351562,202.5500030517578,202.5500030517578,15374
2022-10-18,204.35000610351562,205.89999389648438,201.10000610351562,202.9499969482422,202.9499969482422,18050
2022-10-19,205.75,205.75,200.25,202.1999969482422,202.1999969482422,21370
2022-10-20,202.1999969482422,203.64999389648438,200.0,201.0500030517578,201.0500030517578,19411
2022-10-21,203.0500030517578,204.64999389648438,199.0500030517578,200.14999389648438,200.14999389648438,25867
2022-10-24,222.14999389648438,223.0,210.25,217.5500030517578,217.5500030517578,81449
2022-10-25,214.5,216.60000610351562,207.5500030517578,212.10000610351562,212.10000610351562,44224
2022-10-27,214.9499969482422,214.9499969482422,211.3000030517578,214.1999969482422,214.1999969482422,28158
2022-10-28,215.0,219.8000030517578,213.64999389648438,215.3000030517578,215.3000030517578,43095
2022-10-31,215.3000030517578,220.0,210.0,210.8000030517578,210.8000030517578,35934
2022-11-01,212.0500030517578,214.5500030517578,204.10000610351562,205.25,205.25,27850
2022-11-02,208.0500030517578,211.0,206.0,208.64999389648438,208.64999389648438,19056
2022-11-03,207.85000610351562,211.1999969482422,203.0,206.85000610351562,206.85000610351562,42880
2022-11-04,208.0500030517578,209.5,204.0,205.1999969482422,205.1999969482422,23914
2022-11-07,208.25,212.0,206.0,210.6999969482422,210.6999969482422,37443
2022-11-09,208.64999389648438,212.0,205.8000030517578,207.8000030517578,207.8000030517578,36174
2022-11-10,210.0,210.0,203.39999389648438,204.3000030517578,204.3000030517578,31870
2022-11-11,205.0,207.4499969482422,200.60000610351562,205.10000610351562,205.10000610351562,57884
2022-11-14,202.14999389648438,203.25,198.3000030517578,201.75,201.75,34584
2022-11-15,202.0,203.0,196.6999969482422,198.3000030517578,198.3000030517578,46052
2022-11-16,197.8000030517578,202.25,197.8000030517578,198.35000610351562,198.35000610351562,28314
2022-11-17,200.0,202.85000610351562,198.64999389648438,200.89999389648438,200.89999389648438,19882
2022-11-18,200.0500030517578,202.0,194.64999389648438,195.25,195.25,25325
2022-11-21,195.25,196.1999969482422,191.39999389648438,192.5,192.5,22195
2022-11-22,195.14999389648438,195.14999389648438,186.5,188.1999969482422,188.1999969482422,36654
2022-11-23,189.9499969482422,194.5,186.5,191.8000030517578,191.8000030517578,31578
2022-11-24,194.1999969482422,199.89999389648438,193.35000610351562,196.89999389648438,196.89999389648438,29739
2022-11-25,198.25,202.1999969482422,190.64999389648438,198.6999969482422,198.6999969482422,43109
2022-11-28,195.0500030517578,203.0,195.0500030517578,200.5,200.5,16573
2022-11-29,202.0,202.0,197.5500030517578,199.25,199.25,34756
2022-11-30,202.9499969482422,202.9499969482422,199.10000610351562,200.5500030517578,200.5500030517578,15272
2022-12-01,203.5500030517578,203.5500030517578,198.10000610351562,199.6999969482422,199.6999969482422,17522
2022-12-02,201.0,201.0,197.3000030517578,199.10000610351562,199.10000610351562,15076
2022-12-05,201.8000030517578,201.8000030517578,193.9499969482422,195.10000610351562,195.10000610351562,53875
2022-12-06,195.35000610351562,196.89999389648438,193.5500030517578,195.0,195.0,26888
2022-12-07,198.85000610351562,198.85000610351562,192.0,192.9499969482422,192.9499969482422,21456
2022-12-08,193.5,195.35000610351562,191.89999389648438,192.5,192.5,28665
2022-12-09,194.4499969482422,194.4499969482422,189.5,190.6999969482422,190.6999969482422,15322
2022-12-12,191.3000030517578,191.89999389648438,188.0,189.4499969482422,189.4499969482422,18437
2022-12-13,189.39999389648438,193.75,188.5500030517578,189.5,189.5,20858
2022-12-14,188.14999389648438,193.0,188.14999389648438,191.60000610351562,191.60000610351562,9301
2022-12-15,191.6999969482422,192.85000610351562,187.3000030517578,187.85000610351562,187.85000610351562,29127
2022-12-16,190.64999389648438,190.6999969482422,186.75,189.10000610351562,189.10000610351562,20975
2022-12-19,188.0500030517578,192.0,187.0500030517578,188.0,188.0,19279
2022-12-20,189.14999389648438,191.39999389648438,185.5500030517578,186.0,186.0,21406
2022-12-21,189.64999389648438,189.64999389648438,179.5,180.85000610351562,180.85000610351562,114803
2022-12-22,181.85000610351562,185.0,174.39999389648438,181.10000610351562,181.10000610351562,55781
2022-12-23,182.5,182.5,172.0,178.0,178.0,98148
2022-12-26,175.0,179.89999389648438,170.0,174.10000610351562,174.10000610351562,51720
2022-12-27,176.0,180.1999969482422,173.9499969482422,175.9499969482422,175.9499969482422,27418
2022-12-28,179.0,180.39999389648438,177.0,179.0500030517578,179.0500030517578,10230
2022-12-29,178.0,180.85000610351562,177.64999389648438,178.8000030517578,178.8000030517578,13898
2022-12-30,178.9499969482422,184.0,178.9499969482422,181.10000610351562,181.10000610351562,21568
2023-01-02,183.8000030517578,189.4499969482422,176.4499969482422,177.9499969482422,177.9499969482422,39721
2023-01-03,179.5,185.0,178.35000610351562,182.1999969482422,182.1999969482422,15779
2023-01-04,186.75,186.75,179.3000030517578,180.3000030517578,180.3000030517578,27548
2023-01-05,183.0,183.0,180.0,180.4499969482422,180.4499969482422,18844
2023-01-06,180.39999389648438,181.4499969482422,175.35000610351562,177.0500030517578,177.0500030517578,18194
2023-01-09,178.9499969482422,180.9499969482422,176.75,180.14999389648438,180.14999389648438,19691
2023-01-10,182.8000030517578,182.8000030517578,178.1999969482422,178.85000610351562,178.85000610351562,12798
2023-01-11,176.60000610351562,180.35000610351562,176.60000610351562,178.1999969482422,178.1999969482422,8754
2023-01-12,180.0,180.4499969482422,173.10000610351562,176.14999389648438,176.14999389648438,16390
2023-01-13,176.1999969482422,178.5,170.0,171.8000030517578,171.8000030517578,46597
2023-01-16,172.5500030517578,174.4499969482422,168.60000610351562,169.6999969482422,169.6999969482422,47483
2023-01-17,171.25,172.10000610351562,167.6999969482422,169.5500030517578,169.5500030517578,26395
2023-01-18,170.0,170.89999389648438,169.10000610351562,170.10000610351562,170.10000610351562,10154
2023-01-19,170.0,170.5,167.14999389648438,168.60000610351562,168.60000610351562,22321
2023-01-20,171.0,171.0,159.3000030517578,161.60000610351562,161.60000610351562,104141
2023-01-23,164.25,167.9499969482422,161.0,163.10000610351562,163.10000610351562,42965
2023-01-24,165.0500030517578,165.64999389648438,157.5500030517578,159.89999389648438,159.89999389648438,32725
2023-01-25,162.1999969482422,174.64999389648438,159.10000610351562,168.35000610351562,168.35000610351562,73173
2023-01-27,172.4499969482422,172.4499969482422,161.10000610351562,163.4499969482422,163.4499969482422,36286
2023-01-30,163.4499969482422,165.0,161.5500030517578,163.10000610351562,163.10000610351562,20086
2023-01-31,160.75,165.39999389648438,158.0,162.9499969482422,162.9499969482422,36105
2023-02-01,164.5500030517578,165.6999969482422,156.39999389648438,158.64999389648438,158.64999389648438,19325
2023-02-02,157.8000030517578,160.64999389648438,157.0500030517578,157.6999969482422,157.6999969482422,19007
2023-02-03,159.0,159.0500030517578,151.0,151.5,151.5,50358
2023-02-06,152.0,154.35000610351562,152.0,152.8000030517578,152.8000030517578,13948
2023-02-07,152.0500030517578,154.8000030517578,150.25,151.8000030517578,151.8000030517578,20227
2023-02-08,152.89999389648438,155.5,149.14999389648438,150.89999389648438,150.89999389648438,37275
2023-02-09,152.0,152.0,148.8000030517578,149.4499969482422,149.4499969482422,29659
2023-02-10,151.0,153.0,149.0500030517578,149.60000610351562,149.60000610351562,23511
2023-02-13,153.0,153.0,148.10000610351562,149.14999389648438,149.14999389648438,26731
2023-02-14,150.0,151.0,148.0500030517578,150.4499969482422,150.4499969482422,11405
2023-02-15,151.0,152.75,150.0,150.5500030517578,150.5500030517578,15544
2023-02-16,151.89999389648438,152.14999389648438,150.0,151.35000610351562,151.35000610351562,8572
2023-02-17,150.60000610351562,150.60000610351562,148.60000610351562,149.64999389648438,149.64999389648438,21563
2023-02-20,151.85000610351562,151.85000610351562,146.85000610351562,148.25,148.25,21997
2023-02-21,150.4499969482422,150.4499969482422,148.10000610351562,148.64999389648438,148.64999389648438,10691
2023-02-22,149.0,153.4499969482422,145.8000030517578,147.75,147.75,38324
2023-02-23,149.9499969482422,175.0,147.0500030517578,169.60000610351562,169.60000610351562,311326
2023-02-24,169.0500030517578,175.0,160.0,160.85000610351562,160.85000610351562,146627
2023-02-27,160.85000610351562,170.0,158.6999969482422,164.4499969482422,164.4499969482422,118080
2023-02-28,166.8000030517578,173.89999389648438,163.0,168.14999389648438,168.14999389648438,49505
2023-03-01,170.64999389648438,175.0,167.5,168.14999389648438,168.14999389648438,27847
2023-03-02,169.0,173.4499969482422,168.0,168.6999969482422,168.6999969482422,42362
2023-03-03,171.14999389648438,172.39999389648438,166.1999969482422,167.25,167.25,15816
2023-03-06,167.25,171.14999389648438,167.25,169.39999389648438,169.39999389648438,27341
2023-03-08,171.6999969482422,172.0,166.1999969482422,170.25,170.25,24785
2023-03-09,168.8000030517578,178.0,162.14999389648438,163.3000030517578,163.3000030517578,111390
2023-03-10,165.0,169.3000030517578,159.9499969482422,166.85000610351562,166.85000610351562,97515
2023-03-13,167.39999389648438,168.0,162.0,163.25,163.25,29307
2023-03-14,165.64999389648438,165.64999389648438,156.0,157.0,157.0,40862
2023-03-15,157.1999969482422,159.35000610351562,153.8000030517578,154.25,154.25,24206
2023-03-16,155.0,155.9499969482422,151.0500030517578,154.6999969482422,154.6999969482422,42673
2023-03-17,155.4499969482422,162.75,155.35000610351562,158.64999389648438,158.64999389648438,49288
2023-03-20,158.9499969482422,159.39999389648438,154.5,156.39999389648438,156.39999389648438,49911
2023-03-21,158.64999389648438,166.35000610351562,158.3000030517578,162.35000610351562,162.35000610351562,67607
2023-03-22,162.89999389648438,175.10000610351562,160.0,169.64999389648438,169.64999389648438,73373
2023-03-23,169.60000610351562,177.9499969482422,165.3000030517578,168.9499969482422,168.9499969482422,69495
2023-03-24,165.5,171.10000610351562,165.5,166.0500030517578,166.0500030517578,27392
2023-03-27,166.6999969482422,179.0,162.1999969482422,165.8000030517578,165.8000030517578,79215
2023-03-28,164.14999389648438,167.6999969482422,160.0,160.1999969482422,160.1999969482422,26068
2023-03-29,157.9499969482422,167.25,157.9499969482422,164.0500030517578,164.0500030517578,27971
2023-03-31,166.1999969482422,167.0,161.1999969482422,162.4499969482422,162.4499969482422,33277
2023-04-03,164.85000610351562,173.4499969482422,162.64999389648438,169.6999969482422,169.6999969482422,34046
2023-04-05,171.39999389648438,178.0,169.0,174.9499969482422,174.9499969482422,55736
2023-04-06,175.0,176.89999389648438,171.60000610351562,174.5500030517578,174.5500030517578,15791
2023-04-10,172.10000610351562,176.9499969482422,171.60000610351562,172.4499969482422,172.4499969482422,23507
2023-04-11,172.5500030517578,206.89999389648438,172.10000610351562,194.8000030517578,194.8000030517578,534620
2023-04-12,194.5,198.0,187.3000030517578,194.0,194.0,110949
2023-04-13,191.39999389648438,201.8000030517578,191.39999389648438,196.35000610351562,196.35000610351562,72785
2023-04-17,196.35000610351562,210.0,192.89999389648438,207.25,207.25,149363
2023-04-18,212.0,215.0,200.0,201.85000610351562,201.85000610351562,114595
2023-04-19,203.39999389648438,214.0,202.0500030517578,209.60000610351562,209.60000610351562,95807
2023-04-20,208.5,212.4499969482422,204.0,205.6999969482422,205.6999969482422,56829
2023-04-21,205.25,208.0,195.35000610351562,197.0,197.0,49890
2023-04-24,198.64999389648438,203.0500030517578,195.5500030517578,198.10000610351562,198.10000610351562,35036
2023-04-25,198.0,208.0,195.10000610351562,198.35000610351562,198.35000610351562,95268
2023-04-26,198.0,205.0,196.60000610351562,198.39999389648438,198.39999389648438,48005
2023-04-27,197.89999389648438,202.5,197.10000610351562,200.5500030517578,200.5500030517578,32720
2023-04-28,200.0,203.4499969482422,198.0500030517578,199.5,199.5,18373
2023-05-02,198.3000030517578,203.85000610351562,198.3000030517578,199.0,199.0,34672
2023-05-03,200.6999969482422,200.9499969482422,195.0,195.39999389648438,195.39999389648438,31331
2023-05-04,195.0,196.89999389648438,193.39999389648438,193.75,193.75,19042
2023-05-05,196.60000610351562,196.60000610351562,188.8000030517578,190.0,190.0,46078
2023-05-08,188.60000610351562,196.10000610351562,188.60000610351562,194.14999389648438,194.14999389648438,25225
2023-05-09,194.6999969482422,215.0,193.25,204.3000030517578,204.3000030517578,217789
2023-05-10,205.8000030517578,207.89999389648438,201.14999389648438,203.3000030517578,203.3000030517578,32089
2023-05-11,205.0500030517578,206.10000610351562,200.35000610351562,202.1999969482422,202.1999969482422,17244
2023-05-12,196.3000030517578,204.35000610351562,196.3000030517578,198.5,198.5,23072
2023-05-15,196.0,202.9499969482422,196.0,197.5500030517578,197.5500030517578,20098
2023-05-16,197.5500030517578,205.6999969482422,196.5500030517578,200.6999969482422,200.6999969482422,39268
2023-05-17,205.60000610351562,205.60000610351562,199.5,201.35000610351562,201.35000610351562,31221
2023-05-18,127.8499984741211,127.8499984741211,127.8499984741211,127.8499984741211,127.8499984741211,0
2023-05-19,127.8499984741211,127.8499984741211,127.8499984741211,127.8499984741211,127.8499984741211,0
2023-05-22,127.8499984741211,127.8499984741211,127.8499984741211,127.8499984741211,127.8499984741211,0
2023-05-23,127.8499984741211,127.8499984741211,127.8499984741211,127.8499984741211,127.8499984741211,0
2023-05-24,201.0,203.8000030517578,198.0500030517578,200.85000610351562,200.85000610351562,29773
2023-05-25,202.9499969482422,202.9499969482422,197.3000030517578,199.39999389648438,199.39999389648438,9928
2023-05-26,202.8000030517578,202.8000030517578,197.85000610351562,199.5,199.5,13939
2023-05-29,202.0,202.0500030517578,195.0,197.3000030517578,197.3000030517578,15191
2023-05-30,232.4499969482422,236.75,232.4499969482422,236.75,236.75,143568
2023-05-31,255.0,264.0,233.1999969482422,238.39999389648438,238.39999389648438,615938
2023-06-01,240.9499969482422,249.35000610351562,230.25,240.35000610351562,240.35000610351562,173329
2023-06-02,241.0,248.0,238.5500030517578,241.1999969482422,241.1999969482422,94532
2023-06-05,243.75,243.89999389648438,224.10000610351562,226.5500030517578,226.5500030517578,220005
2023-06-06,225.0,232.4499969482422,224.0,228.5500030517578,228.5500030517578,79875
2023-06-07,228.5500030517578,233.85000610351562,226.0,228.5500030517578,228.5500030517578,107658
2023-06-08,229.89999389648438,230.89999389648438,224.0,224.8000030517578,224.8000030517578,36829
2023-06-09,226.8000030517578,229.3000030517578,222.0,226.89999389648438,226.89999389648438,35732
2023-06-12,229.14999389648438,236.10000610351562,227.0500030517578,233.1999969482422,233.1999969482422,60537
2023-06-13,236.0,237.75,230.10000610351562,232.3000030517578,232.3000030517578,44671
2023-06-14,231.10000610351562,242.14999389648438,230.4499969482422,235.10000610351562,235.10000610351562,112694
2023-06-15,235.9499969482422,239.35000610351562,233.85000610351562,237.5,237.5,38122
2023-06-16,238.35000610351562,252.6999969482422,238.1999969482422,245.60000610351562,245.60000610351562,119453
2023-06-19,247.5,261.8999938964844,244.5500030517578,256.79998779296875,256.79998779296875,367155
2023-06-20,254.6999969482422,254.6999969482422,244.0,246.89999389648438,246.89999389648438,41151
2023-06-21,246.89999389648438,248.25,236.0,239.35000610351562,239.35000610351562,23300
2023-06-22,235.0,251.3000030517578,235.0,251.3000030517578,251.3000030517578,75669
2023-06-23,254.0,259.8999938964844,248.0,249.6999969482422,249.6999969482422,37522
2023-06-26,255.0,257.95001220703125,238.0,253.5500030517578,253.5500030517578,26284
2023-06-27,262.0,262.0,250.10000610351562,257.3999938964844,257.3999938964844,31982
2023-06-30,260.79998779296875,264.0,247.8000030517578,254.25,254.25,27072
2023-07-03,254.25,257.5,248.0,248.8000030517578,248.8000030517578,11158
2023-07-04,250.0,257.0,245.0,251.5,251.5,21442
2023-07-05,257.8500061035156,261.8999938964844,248.25,260.45001220703125,260.45001220703125,41892
2023-07-06,263.0,273.45001220703125,262.0,273.45001220703125,273.45001220703125,50107
2023-07-07,280.0,287.1000061035156,275.0,287.1000061035156,287.1000061035156,64396
2023-07-10,298.3999938964844,300.0,280.0,295.45001220703125,295.45001220703125,95582
2023-07-11,299.0,299.0,280.70001220703125,286.6000061035156,286.6000061035156,37814
2023-07-12,286.6000061035156,286.6000061035156,286.6000061035156,286.6000061035156,286.6000061035156,0
2023-07-13,286.6000061035156,286.6000061035156,286.6000061035156,286.6000061035156,286.6000061035156,0
2023-07-14,286.6000061035156,286.6000061035156,286.6000061035156,286.6000061035156,286.6000061035156,0
2023-07-17,280.8999938964844,280.8999938964844,280.8999938964844,280.8999938964844,280.8999938964844,969
2023-07-18,280.8999938964844,280.8999938964844,280.8999938964844,280.8999938964844,280.8999938964844,0
2023-07-19,280.8999938964844,280.8999938964844,280.8999938964844,280.8999938964844,280.8999938964844,0
2023-07-20,280.8999938964844,280.8999938964844,280.8999938964844,280.8999938964844,280.8999938964844,0
2023-07-21,280.8999938964844,280.8999938964844,280.8999938964844,280.8999938964844,280.8999938964844,0
2023-07-24,275.29998779296875,275.29998779296875,275.29998779296875,275.29998779296875,275.29998779296875,8543
2023-07-25,269.79998779296875,269.79998779296875,269.79998779296875,269.79998779296875,269.79998779296875,15993
2023-07-26,264.3999938964844,264.3999938964844,264.3999938964844,264.3999938964844,264.3999938964844,15817
2023-07-27,259.1499938964844,259.1499938964844,259.1499938964844,259.1499938964844,259.1499938964844,2922
2023-07-28,254.0,254.0,254.0,254.0,254.0,7287
2023-07-31,259.04998779296875,259.04998779296875,248.9499969482422,259.04998779296875,259.04998779296875,65507
2023-08-01,263.5,264.20001220703125,263.5,263.5,263.5,35467
2023-08-02,258.25,265.0,258.25,258.25,258.25,11701
2023-08-03,253.10000610351562,254.10000610351562,253.10000610351562,253.10000610351562,253.10000610351562,17209
2023-08-04,253.60000610351562,253.60000610351562,252.5,253.60000610351562,253.60000610351562,13987
2023-08-07,252.0,257.0,250.0,252.0,252.0,7703
2023-08-08,257.0,257.0,252.0,257.0,257.0,2360
2023-08-09,262.1000061035156,262.1000061035156,259.95001220703125,262.1000061035156,262.1000061035156,4831
2023-08-10,266.70001220703125,267.29998779296875,266.70001220703125,266.70001220703125,266.70001220703125,22823
2023-08-11,271.45001220703125,272.0,266.70001220703125,271.45001220703125,271.45001220703125,50248
2023-08-14,271.0,271.0,268.0,271.0,271.0,38745
2023-08-16,265.6000061035156,265.6000061035156,265.6000061035156,265.6000061035156,265.6000061035156,5758
2023-08-17,260.29998779296875,260.29998779296875,260.29998779296875,260.29998779296875,260.29998779296875,1202
2023-08-18,255.10000610351562,255.10000610351562,255.10000610351562,255.10000610351562,255.10000610351562,819
2023-08-21,242.35000610351562,249.0,242.35000610351562,242.35000610351562,242.35000610351562,22838
2023-08-22,230.25,230.25,230.25,230.25,230.25,12422
2023-08-23,225.0,241.75,222.0,241.75,241.75,39257
2023-08-24,247.89999389648438,251.8000030517578,242.0,245.4499969482422,245.4499969482422,42116
2023-08-25,235.75,249.9499969482422,233.1999969482422,233.1999969482422,233.1999969482422,33142
2023-08-28,224.0500030517578,244.85000610351562,222.4499969482422,239.3000030517578,239.3000030517578,50197
2023-08-29,237.8000030517578,244.8000030517578,231.4499969482422,237.14999389648438,237.14999389648438,13637
2023-08-30,239.64999389648438,239.64999389648438,230.0,232.5,232.5,13952
2023-08-31,232.0,236.89999389648438,226.10000610351562,231.4499969482422,231.4499969482422,8390
2023-09-01,231.0,233.6999969482422,225.0500030517578,229.5500030517578,229.5500030517578,19311
2023-09-04,231.89999389648438,237.89999389648438,227.0,231.6999969482422,231.6999969482422,12342
2023-09-05,231.0,236.8000030517578,230.0,236.25,236.25,13488
2023-09-06,230.5,240.0,230.5,237.0500030517578,237.0500030517578,10587
2023-09-07,230.1999969482422,244.39999389648438,228.0500030517578,236.89999389648438,236.89999389648438,14140
2023-09-08,237.0,247.0,231.0,232.64999389648438,232.64999389648438,62158
2023-09-11,232.0,235.0,225.0500030517578,233.8000030517578,233.8000030517578,12386
2023-09-12,234.0,240.0,230.0,232.9499969482422,232.9499969482422,14165
2023-09-13,230.14999389648438,240.0,223.5500030517578,239.0500030517578,239.0500030517578,9931
2023-09-14,244.5,249.89999389648438,238.0,241.64999389648438,241.64999389648438,11368
2023-09-15,241.0,246.0,235.10000610351562,239.0500030517578,239.0500030517578,23923
2023-09-18,235.10000610351562,244.1999969482422,234.0,235.10000610351562,235.10000610351562,5619
2023-09-20,236.0,240.5,230.1999969482422,232.5,232.5,6338
2023-09-21,234.0,239.8000030517578,230.5500030517578,235.5,235.5,8991
2023-09-22,231.5,244.0,230.35000610351562,234.3000030517578,234.3000030517578,20346
2023-09-25,250.0,269.95001220703125,242.0,256.20001220703125,256.20001220703125,74633
2023-09-26,254.0500030517578,262.0,250.0,252.35000610351562,252.35000610351562,29232
2023-09-27,257.3500061035156,257.3500061035156,249.5500030517578,251.39999389648438,251.39999389648438,15730
2023-09-28,256.3500061035156,256.3500061035156,245.60000610351562,246.5500030517578,246.5500030517578,17747
2023-09-29,251.4499969482422,257.0,247.4499969482422,253.35000610351562,253.35000610351562,20826
2023-10-03,256.95001220703125,257.0,247.0,248.10000610351562,248.10000610351562,21879
2023-10-04,251.0500030517578,251.25,235.3000030517578,240.35000610351562,240.35000610351562,26634
2023-10-05,244.0,244.64999389648438,233.6999969482422,236.4499969482422,236.4499969482422,28923
2023-10-06,241.14999389648438,241.8000030517578,229.60000610351562,231.5500030517578,231.5500030517578,46575
2023-10-09,229.0,235.0,225.0,226.0,226.0,21048
2023-10-10,229.64999389648438,235.8000030517578,225.0,226.0500030517578,226.0500030517578,19073
2023-10-11,228.8000030517578,233.4499969482422,226.89999389648438,227.89999389648438,227.89999389648438,15850
2023-10-12,232.4499969482422,236.39999389648438,226.0,230.35000610351562,230.35000610351562,69818
2023-10-13,228.9499969482422,232.89999389648438,226.8000030517578,227.4499969482422,227.4499969482422,27369
2023-10-16,229.3000030517578,272.8999938964844,226.25,272.8999938964844,272.8999938964844,211483
2023-10-17,290.0,302.0,270.0,272.04998779296875,272.04998779296875,547220
2023-10-18,272.04998779296875,281.04998779296875,264.79998779296875,268.8500061035156,268.8500061035156,43654
2023-10-19,269.79998779296875,269.79998779296875,248.60000610351562,257.45001220703125,257.45001220703125,78954
2023-10-20,255.14999389648438,266.70001220703125,252.35000610351562,254.4499969482422,254.4499969482422,37405
2023-10-23,252.3000030517578,257.20001220703125,239.5500030517578,241.89999389648438,241.89999389648438,47300
2023-10-25,241.89999389648438,246.4499969482422,233.0,236.1999969482422,236.1999969482422,28182
2023-10-26,239.4499969482422,258.1499938964844,230.0500030517578,240.6999969482422,240.6999969482422,153265
2023-10-27,247.0,285.0,242.89999389648438,272.6000061035156,272.6000061035156,404434
2023-10-30,273.8999938964844,284.0,265.29998779296875,273.1499938964844,273.1499938964844,99940
2023-10-31,277.25,278.0,270.25,271.5,271.5,31592
2023-11-01,273.1000061035156,279.8999938964844,263.0,266.29998779296875,266.29998779296875,50975
2023-11-02,268.20001220703125,281.25,263.29998779296875,265.6499938964844,265.6499938964844,51367
2023-11-03,268.79998779296875,273.70001220703125,262.0,263.5,263.5,29663
2023-11-06,263.54998779296875,279.8999938964844,263.54998779296875,265.75,265.75,38662
2023-11-07,267.70001220703125,282.0,264.8999938964844,277.75,277.75,73389
2023-11-08,276.75,295.3999938964844,275.20001220703125,287.95001220703125,287.95001220703125,169048
2023-11-09,290.8500061035156,307.1000061035156,287.0,289.54998779296875,289.54998779296875,267748
2023-11-10,310.0,334.75,303.20001220703125,324.79998779296875,324.79998779296875,1353237
2023-11-13,338.0,362.6000061035156,330.20001220703125,351.1000061035156,351.1000061035156,334042
2023-11-15,357.8500061035156,368.95001220703125,340.6499938964844,357.0,357.0,193276
2023-11-16,357.0,358.20001220703125,343.0,347.6000061035156,347.6000061035156,70043
2023-11-17,346.95001220703125,356.45001220703125,341.5,345.3999938964844,345.3999938964844,82357
2023-11-20,346.95001220703125,351.04998779296875,329.79998779296875,332.6000061035156,332.6000061035156,56149
2023-11-21,347.0,370.79998779296875,335.3500061035156,363.45001220703125,363.45001220703125,199585
2023-11-22,365.0,384.0,365.0,368.1499938964844,368.1499938964844,229198
2023-11-23,370.0,374.6499938964844,356.0,359.45001220703125,359.45001220703125,73820
2023-11-24,360.6499938964844,394.3500061035156,360.6499938964844,375.1499938964844,375.1499938964844,372596
2023-11-28,379.5,407.04998779296875,379.5,388.95001220703125,388.95001220703125,341234
2023-11-29,399.20001220703125,399.20001220703125,368.75,378.1499938964844,378.1499938964844,129848
2023-11-30,381.8999938964844,397.0,376.04998779296875,386.1499938964844,386.1499938964844,146648
2023-12-01,387.0,405.0,383.1000061035156,386.54998779296875,386.54998779296875,213514
2023-12-04,391.8999938964844,399.70001220703125,385.04998779296875,388.25,388.25,46715
2023-12-05,391.6499938964844,393.0,368.70001220703125,383.54998779296875,383.54998779296875,152674
2023-12-06,384.0,389.0,381.1000061035156,384.20001220703125,384.20001220703125,52836
2023-12-07,384.0,418.0,373.8999938964844,397.1499938964844,397.1499938964844,193885
2023-12-08,401.70001220703125,409.0,388.0,395.1499938964844,395.1499938964844,110175
2023-12-11,396.0,399.3999938964844,391.0,393.0,393.0,40621
2023-12-12,393.0,395.95001220703125,382.29998779296875,390.20001220703125,390.20001220703125,48526
2023-12-13,390.0,396.75,388.95001220703125,392.45001220703125,392.45001220703125,29227
2023-12-14,395.0,395.0,388.0,388.04998779296875,388.04998779296875,34049
2023-12-15,384.0,390.8999938964844,378.0,380.20001220703125,380.20001220703125,41957
2023-12-18,382.5,385.6499938964844,370.20001220703125,383.70001220703125,383.70001220703125,51874
2023-12-19,386.79998779296875,401.8999938964844,386.79998779296875,391.25,391.25,104176
2023-12-20,391.0,400.0,372.29998779296875,376.3999938964844,376.3999938964844,158474
2023-12-21,375.79998779296875,408.70001220703125,371.25,398.5,398.5,264898
2023-12-22,399.70001220703125,413.70001220703125,387.3999938964844,389.95001220703125,389.95001220703125,182574
2023-12-26,389.95001220703125,408.95001220703125,386.3500061035156,395.79998779296875,395.79998779296875,119258
2023-12-27,394.79998779296875,401.25,391.04998779296875,395.3999938964844,395.3999938964844,48384
2023-12-28,392.6000061035156,430.0,392.6000061035156,413.3999938964844,413.3999938964844,424616
2023-12-29,414.8999938964844,427.0,398.0,406.25,406.25,196470
2024-01-01,409.95001220703125,413.95001220703125,403.0,405.1000061035156,405.1000061035156,96527
2024-01-02,402.0,412.79998779296875,397.0,400.6000061035156,400.6000061035156,81865
2024-01-03,403.29998779296875,422.0,400.0,412.6499938964844,412.6499938964844,127331
2024-01-04,415.5,425.70001220703125,406.3500061035156,414.3999938964844,414.3999938964844,128196
2024-01-05,414.3999938964844,430.0,410.29998779296875,412.79998779296875,412.79998779296875,106490
2024-01-08,418.20001220703125,418.20001220703125,401.3999938964844,404.0,404.0,51488
2024-01-09,405.20001220703125,411.0,397.54998779296875,401.1000061035156,401.1000061035156,68521
2024-01-10,401.0,422.8500061035156,399.25,406.79998779296875,406.79998779296875,122564
2024-01-11,409.6499938964844,417.3999938964844,402.0,409.8500061035156,409.8500061035156,55023
2024-01-12,411.0,429.3999938964844,406.29998779296875,409.79998779296875,409.79998779296875,287940
2024-01-15,409.79998779296875,409.79998779296875,409.79998779296875,409.79998779296875,409.79998779296875,0
2024-01-16,409.1000061035156,412.95001220703125,386.95001220703125,390.20001220703125,390.20001220703125,125890
